1,400 Years of African-American History Commission,247,2021,759997.00
1,400 Years of African-American History Commission,247,2022,2614708.82
1,400 Years of African-American History Commission,247,2023,3149161.55
1,400 Years of African-American History Commission,247,2024,3003806.05
2,Access Board,310,2018,8506989.04
2,Access Board,310,2019,8364298.75
2,Access Board,310,2020,8957361.94
2,Access Board,310,2021,8932331.75
2,Access Board,310,2022,9428249.10
2,Access Board,310,2023,8863660.56
2,Access Board,310,2024,8713121.61
2,Access Board,310,2025,9965498.76
3,Administrative Conference of the U.S.,302,2018,2118391.02
3,Administrative Conference of the U.S.,302,2019,3174964.94
3,Administrative Conference of the U.S.,302,2020,3594639.94
3,Administrative Conference of the U.S.,302,2021,2403904.75
3,Administrative Conference of the U.S.,302,2022,3743559.84
3,Administrative Conference of the U.S.,302,2023,3525694.57
3,Administrative Conference of the U.S.,302,2024,3605664.47
3,Administrative Conference of the U.S.,302,2025,3495248.89
4,Advisory Council on Historic Preservation,306,2018,11528120.26
4,Advisory Council on Historic Preservation,306,2019,8567657.71
4,Advisory Council on Historic Preservation,306,2020,8675351.58
4,Advisory Council on Historic Preservation,306,2021,9032288.94
4,Advisory Council on Historic Preservation,306,2022,10013525.28
4,Advisory Council on Historic Preservation,306,2023,10714100.94
4,Advisory Council on Historic Preservation,306,2024,11053390.69
4,Advisory Council on Historic Preservation,306,2025,11327181.61
5,African Development Foundation,166,2018,33269858.59
5,African Development Foundation,166,2019,37670236.59
5,African Development Foundation,166,2020,42005459.51
5,African Development Foundation,166,2021,45529418.22
5,African Development Foundation,166,2022,32264933.39
5,African Development Foundation,166,2023,58255240.26
5,African Development Foundation,166,2024,56890299.36
5,African Development Foundation,166,2025,20290440.92
6,Agency for International Development,072,2018,15496083148.39
6,Agency for International Development,072,2019,16056798953.39
6,Agency for International Development,072,2020,16840551990.67
6,Agency for International Development,072,2021,23656313423.65
6,Agency for International Development,072,2022,32760502077.38
6,Agency for International Development,072,2023,38178688874.98
6,Agency for International Development,072,2024,25338242649.50
6,Agency for International Development,072,2025,15844167462.19
7,American Battle Monuments Commission,074,2018,99955086.61
7,American Battle Monuments Commission,074,2019,83880793.52
7,American Battle Monuments Commission,074,2020,90300651.57
7,American Battle Monuments Commission,074,2021,105002942.40
7,American Battle Monuments Commission,074,2022,93215758.42
7,American Battle Monuments Commission,074,2023,102972156.08
7,American Battle Monuments Commission,074,2024,98138664.40
7,American Battle Monuments Commission,074,2025,126597477.59
8,Appalachian Regional Commission,309,2018,57029208.63
8,Appalachian Regional Commission,309,2019,183144516.49
8,Appalachian Regional Commission,309,2020,169753524.91
8,Appalachian Regional Commission,309,2021,90190889.93
8,Appalachian Regional Commission,309,2022,217878712.00
8,Appalachian Regional Commission,309,2023,318627431.99
8,Appalachian Regional Commission,309,2024,382770815.71
8,Appalachian Regional Commission,309,2025,9215690.61
9,Armed Forces Retirement Home,084,2018,81365210.41
9,Armed Forces Retirement Home,084,2019,83794996.70
9,Armed Forces Retirement Home,084,2020,89190718.93
9,Armed Forces Retirement Home,084,2021,87390364.16
9,Armed Forces Retirement Home,084,2022,115831569.79
9,Armed Forces Retirement Home,084,2023,172396322.63
9,Armed Forces Retirement Home,084,2024,98099078.08
9,Armed Forces Retirement Home,084,2025,142878765.40
10,Barry Goldwater Scholarship and Excellence In Education Foundation,313,2018,2504915.64
10,Barry Goldwater Scholarship and Excellence In Education Foundation,313,2019,2025307.94
10,Barry Goldwater Scholarship and Excellence In Education Foundation,313,2020,3422282.70
10,Barry Goldwater Scholarship and Excellence In Education Foundation,313,2021,746559.69
10,Barry Goldwater Scholarship and Excellence In Education Foundation,313,2022,3257584.64
10,Barry Goldwater Scholarship and Excellence In Education Foundation,313,2023,2442916.31
10,Barry Goldwater Scholarship and Excellence In Education Foundation,313,2024,3785397.35
10,Barry Goldwater Scholarship and Excellence In Education Foundation,313,2025,3941865.44
11,Commission for the Preservation of America's Heritage Abroad,321,2018,694159.80
11,Commission for the Preservation of America's Heritage Abroad,321,2019,763910.76
11,Commission for the Preservation of America's Heritage Abroad,321,2020,694082.37
11,Commission for the Preservation of America's Heritage Abroad,321,2021,486926.10
11,Commission for the Preservation of America's Heritage Abroad,321,2022,686045.88
11,Commission for the Preservation of America's Heritage Abroad,321,2023,832020.57
11,Commission for the Preservation of America's Heritage Abroad,321,2024,786460.96
12,Commission of Fine Arts,323,2018,5464894.86
12,Commission of Fine Arts,323,2019,5549225.72
12,Commission of Fine Arts,323,2020,8232477.63
12,Commission of Fine Arts,323,2021,8191744.33
12,Commission of Fine Arts,323,2022,8130067.85
12,Commission of Fine Arts,323,2024,8418836.06
12,Commission of Fine Arts,323,2025,8832245.33
13,Commission on Civil Rights,326,2018,9764259.07
13,Commission on Civil Rights,326,2019,9460883.39
13,Commission on Civil Rights,326,2020,10281297.89
13,Commission on Civil Rights,326,2021,9213599.89
13,Commission on Civil Rights,326,2022,13444879.39
13,Commission on Civil Rights,326,2023,13961527.74
13,Commission on Civil Rights,326,2024,13389279.92
13,Commission on Civil Rights,326,2025,14140597.15
14,Committee for Purchase from People Who Are Blind or Severely Disabled,338,2018,6275757.81
14,Committee for Purchase from People Who Are Blind or Severely Disabled,338,2019,8975163.20
14,Committee for Purchase from People Who Are Blind or Severely Disabled,338,2020,11339792.21
14,Committee for Purchase from People Who Are Blind or Severely Disabled,338,2021,8030528.28
14,Committee for Purchase from People Who Are Blind or Severely Disabled,338,2022,10838207.96
14,Committee for Purchase from People Who Are Blind or Severely Disabled,338,2023,14328602.33
14,Committee for Purchase from People Who Are Blind or Severely Disabled,338,2024,12276869.42
14,Committee for Purchase from People Who Are Blind or Severely Disabled,338,2025,13114121.25
15,Commodity Futures Trading Commission,339,2018,310043029.43
15,Commodity Futures Trading Commission,339,2019,268029494.90
15,Commodity Futures Trading Commission,339,2020,296591524.12
15,Commodity Futures Trading Commission,339,2021,303467594.81
15,Commodity Futures Trading Commission,339,2022,511348819.17
15,Commodity Futures Trading Commission,339,2023,356004046.82
15,Commodity Futures Trading Commission,339,2024,429495668.68
15,Commodity Futures Trading Commission,339,2025,365969179.87
16,Consumer Financial Protection Bureau,581,2018,661383969.15
16,Consumer Financial Protection Bureau,581,2019,511669057.22
16,Consumer Financial Protection Bureau,581,2020,560010526.08
16,Consumer Financial Protection Bureau,581,2021,699617210.12
16,Consumer Financial Protection Bureau,581,2022,727251054.18
16,Consumer Financial Protection Bureau,581,2023,836937071.26
16,Consumer Financial Protection Bureau,581,2024,1478359909.66
16,Consumer Financial Protection Bureau,581,2025,2582561302.33
17,Consumer Product Safety Commission,061,2018,129130312.17
17,Consumer Product Safety Commission,061,2019,130812617.44
17,Consumer Product Safety Commission,061,2020,134554672.13
17,Consumer Product Safety Commission,061,2021,142993123.45
17,Consumer Product Safety Commission,061,2022,161242749.44
17,Consumer Product Safety Commission,061,2023,173445056.13
17,Consumer Product Safety Commission,061,2024,167067920.21
17,Consumer Product Safety Commission,061,2025,152039604.66
18,Corporation for National and Community Service,485,2018,1311442010.84
18,Corporation for National and Community Service,485,2019,1362008579.69
18,Corporation for National and Community Service,485,2020,1220450660.28
18,Corporation for National and Community Service,485,2021,1548278400.26
18,Corporation for National and Community Service,485,2022,2092897732.61
18,Corporation for National and Community Service,485,2023,2023554264.91
18,Corporation for National and Community Service,485,2024,1558432116.09
18,Corporation for National and Community Service,485,2025,1628697960.11
19,Corps of Engineers - Civil Works,096,2018,26876614245.40
19,Corps of Engineers - Civil Works,096,2019,24533474722.84
19,Corps of Engineers - Civil Works,096,2020,25545646250.24
19,Corps of Engineers - Civil Works,096,2021,24480689354.40
19,Corps of Engineers - Civil Works,096,2022,27393004702.86
19,Corps of Engineers - Civil Works,096,2023,30957929640.42
19,Corps of Engineers - Civil Works,096,2024,34001004243.90
19,Corps of Engineers - Civil Works,096,2025,35302736346.35
20,Council of the Inspectors General on Integrity and Efficiency,542,2018,9050273.26
20,Council of the Inspectors General on Integrity and Efficiency,542,2019,10321385.66
20,Council of the Inspectors General on Integrity and Efficiency,542,2020,17835723.24
20,Council of the Inspectors General on Integrity and Efficiency,542,2021,15510748.20
20,Council of the Inspectors General on Integrity and Efficiency,542,2022,47439902.15
20,Council of the Inspectors General on Integrity and Efficiency,542,2023,46046561.38
20,Council of the Inspectors General on Integrity and Efficiency,542,2024,36180067.49
20,Council of the Inspectors General on Integrity and Efficiency,542,2025,32574004.30
21,Court Services and Offender Supervision Agency,9553,2018,244302735.10
21,Court Services and Offender Supervision Agency,9553,2019,242801014.03
21,Court Services and Offender Supervision Agency,9553,2020,244329824.48
21,Court Services and Offender Supervision Agency,9553,2021,244452661.53
21,Court Services and Offender Supervision Agency,9553,2022,260953225.42
21,Court Services and Offender Supervision Agency,9553,2023,274905483.89
21,Court Services and Offender Supervision Agency,9553,2024,299976494.60
21,Court Services and Offender Supervision Agency,9553,2025,281968178.49
22,Defense Nuclear Facilities Safety Board,347,2018,28402701.82
22,Defense Nuclear Facilities Safety Board,347,2019,26558533.75
22,Defense Nuclear Facilities Safety Board,347,2020,22925791.88
22,Defense Nuclear Facilities Safety Board,347,2021,36721554.54
22,Defense Nuclear Facilities Safety Board,347,2022,38575519.93
22,Defense Nuclear Facilities Safety Board,347,2023,40134585.09
22,Defense Nuclear Facilities Safety Board,347,2024,44185130.86
22,Defense Nuclear Facilities Safety Board,347,2025,42587519.71
23,Delta Regional Authority,517,2018,7691321.00
23,Delta Regional Authority,517,2019,22231776.14
23,Delta Regional Authority,517,2020,35291561.43
23,Delta Regional Authority,517,2021,4055534.83
23,Delta Regional Authority,517,2022,65030224.00
23,Delta Regional Authority,517,2023,73402396.07
23,Delta Regional Authority,517,2024,65240582.54
23,Delta Regional Authority,517,2025,108247981.20
24,Denali Commission,513,2018,51039131.39
24,Denali Commission,513,2019,33045999.98
24,Denali Commission,513,2020,36879993.30
24,Denali Commission,513,2021,26208151.41
24,Denali Commission,513,2022,42928816.68
24,Denali Commission,513,2023,57458588.20
24,Denali Commission,513,2024,107537623.53
24,Denali Commission,513,2025,220080708.68
25,Department of Agriculture,012,2018,183549040915.82
25,Department of Agriculture,012,2019,204692683254.95
25,Department of Agriculture,012,2020,290656732311.30
25,Department of Agriculture,012,2021,260036840187.43
25,Department of Agriculture,012,2022,286908446288.40
25,Department of Agriculture,012,2023,296599267877.18
25,Department of Agriculture,012,2024,253918299873.67
25,Department of Agriculture,012,2025,276630012349.95
26,Department of Commerce,013,2018,21840165931.75
26,Department of Commerce,013,2019,17824854812.79
26,Department of Commerce,013,2020,21930304603.47
26,Department of Commerce,013,2021,18409239008.62
26,Department of Commerce,013,2022,21690366412.92
26,Department of Commerce,013,2023,22132409140.55
26,Department of Commerce,013,2024,48359771966.17
26,Department of Commerce,013,2025,71825784798.61
27,Department of Defense,097,2018,1092438524753.46
27,Department of Defense,097,2019,1154860031199.99
27,Department of Defense,097,2020,1130135336028.02
27,Department of Defense,097,2021,1146962263260.70
27,Department of Defense,097,2022,1189944864054.66
27,Department of Defense,097,2023,1330544104855.49
27,Department of Defense,097,2024,1393415222232.11
27,Department of Defense,097,2025,1451320548889.53
28,Department of Education,091,2018,95226038979.19
28,Department of Education,091,2019,120398801101.04
28,Department of Education,091,2020,242593520560.57
28,Department of Education,091,2021,457228091743.33
28,Department of Education,091,2022,614723723752.84
28,Department of Education,091,2023,254914423992.33
28,Department of Education,091,2024,228967463538.80
28,Department of Education,091,2025,179690157931.34
29,Department of Energy,089,2018,45120566097.96
29,Department of Energy,089,2019,47450430947.59
29,Department of Energy,089,2020,49399354932.76
29,Department of Energy,089,2021,53181045675.68
29,Department of Energy,089,2022,58269151692.00
29,Department of Energy,089,2023,71587391243.03
29,Department of Energy,089,2024,81727665979.08
29,Department of Energy,089,2025,98524875710.33
30,Department of Health and Human Services,075,2018,1679128003253.74
30,Department of Health and Human Services,075,2019,1814270463757.37
30,Department of Health and Human Services,075,2020,2198882208891.79
30,Department of Health and Human Services,075,2021,2355524286884.46
30,Department of Health and Human Services,075,2022,2452969781323.39
30,Department of Health and Human Services,075,2023,2475673980552.70
30,Department of Health and Human Services,075,2024,2518647728970.53
30,Department of Health and Human Services,075,2025,2794349803088.60
31,Department of Homeland Security,070,2018,106886283226.15
31,Department of Homeland Security,070,2019,91630525352.50
31,Department of Homeland Security,070,2020,160365575018.45
31,Department of Homeland Security,070,2021,142035912465.86
31,Department of Homeland Security,070,2022,133188239439.91
31,Department of Homeland Security,070,2023,133715424269.44
31,Department of Homeland Security,070,2024,140625065483.12
31,Department of Homeland Security,070,2025,171203552614.18
32,Department of Housing and Urban Development,086,2018,76622972278.59
32,Department of Housing and Urban Development,086,2019,62652912069.06
32,Department of Housing and Urban Development,086,2020,69311072480.40
32,Department of Housing and Urban Development,086,2021,104346638883.86
32,Department of Housing and Urban Development,086,2022,67821356273.56
32,Department of Housing and Urban Development,086,2023,84501344517.92
32,Department of Housing and Urban Development,086,2024,88290176520.45
32,Department of Housing and Urban Development,086,2025,90532059832.78
33,Department of Justice,015,2018,39970356916.65
33,Department of Justice,015,2019,42341175319.89
33,Department of Justice,015,2020,47420465932.45
33,Department of Justice,015,2021,44310527077.80
33,Department of Justice,015,2022,49684118644.77
33,Department of Justice,015,2023,55576215204.85
33,Department of Justice,015,2024,52006258903.46
33,Department of Justice,015,2025,50454183477.60
34,Department of Labor,1601,2018,50250923527.15
34,Department of Labor,1601,2019,49536149169.89
34,Department of Labor,1601,2020,600858842745.78
34,Department of Labor,1601,2021,648613298350.79
34,Department of Labor,1601,2022,65773609001.20
34,Department of Labor,1601,2023,58389543480.57
34,Department of Labor,1601,2024,66293329420.52
34,Department of Labor,1601,2025,70577614918.43
35,Department of State,019,2018,42993490049.64
35,Department of State,019,2019,43623907071.05
35,Department of State,019,2020,49143222395.20
35,Department of State,019,2021,50699901063.20
35,Department of State,019,2022,52914166204.50
35,Department of State,019,2023,51730909372.99
35,Department of State,019,2024,57575147990.63
35,Department of State,019,2025,44468610026.04
38,Department of the Interior,014,2018,26344299309.44
38,Department of the Interior,014,2019,26718979631.25
38,Department of the Interior,014,2020,29600486686.93
38,Department of the Interior,014,2021,30724549129.13
38,Department of the Interior,014,2022,37607979087.31
38,Department of the Interior,014,2023,43363738981.79
38,Department of the Interior,014,2024,44421920769.18
38,Department of the Interior,014,2025,42848868679.89
39,Department of the Treasury,020,2018,1041301338675.78
39,Department of the Treasury,020,2019,1078327377672.54
39,Department of the Treasury,020,2020,1566561954994.18
39,Department of the Treasury,020,2021,2188984081298.11
39,Department of the Treasury,020,2022,1451623206993.42
39,Department of the Treasury,020,2023,1644766940269.75
39,Department of the Treasury,020,2024,1773034280269.05
39,Department of the Treasury,020,2025,1953689394142.66
36,Department of Transportation,069,2018,96155238475.04
36,Department of Transportation,069,2019,98873363842.31
36,Department of Transportation,069,2020,147409620706.53
36,Department of Transportation,069,2021,165258604935.80
36,Department of Transportation,069,2022,268942277594.34
36,Department of Transportation,069,2023,139004427069.39
36,Department of Transportation,069,2024,152430343361.42
36,Department of Transportation,069,2025,169614068976.54
37,Department of Veterans Affairs,036,2018,204818097977.83
37,Department of Veterans Affairs,036,2019,216784441071.28
37,Department of Veterans Affairs,036,2020,244599441165.43
37,Department of Veterans Affairs,036,2021,256898873597.48
37,Department of Veterans Affairs,036,2022,283486478580.60
37,Department of Veterans Affairs,036,2023,324410305628.40
37,Department of Veterans Affairs,036,2024,367899875444.21
37,Department of Veterans Affairs,036,2025,412393503627.75
40,District of Columbia Courts,349,2018,336674464.10
40,District of Columbia Courts,349,2019,329580962.10
40,District of Columbia Courts,349,2020,316163162.06
40,District of Columbia Courts,349,2021,301099847.48
40,District of Columbia Courts,349,2022,309891140.72
40,District of Columbia Courts,349,2023,315366026.12
40,District of Columbia Courts,349,2024,357759443.13
40,District of Columbia Courts,349,2025,362748446.19
41,Election Assistance Commission,525,2018,388256900.34
41,Election Assistance Commission,525,2019,7824215.77
41,Election Assistance Commission,525,2020,837750199.62
41,Election Assistance Commission,525,2021,16663705.27
41,Election Assistance Commission,525,2022,152042811.25
41,Election Assistance Commission,525,2023,108862442.60
41,Election Assistance Commission,525,2024,84179131.85
41,Election Assistance Commission,525,2025,42380998.93
42,Environmental Protection Agency,068,2018,10823836673.15
42,Environmental Protection Agency,068,2019,10613224996.13
42,Environmental Protection Agency,068,2020,11304379833.30
42,Environmental Protection Agency,068,2021,11868808702.06
42,Environmental Protection Agency,068,2022,19513329825.30
42,Environmental Protection Agency,068,2023,23652538067.59
42,Environmental Protection Agency,068,2024,54387821470.26
42,Environmental Protection Agency,068,2025,34262577412.72
43,Equal Employment Opportunity Commission,045,2018,385118788.40
43,Equal Employment Opportunity Commission,045,2019,385563949.01
43,Equal Employment Opportunity Commission,045,2020,398101696.19
43,Equal Employment Opportunity Commission,045,2021,408365848.71
43,Equal Employment Opportunity Commission,045,2022,433301702.20
43,Equal Employment Opportunity Commission,045,2023,459113664.74
43,Equal Employment Opportunity Commission,045,2024,461214151.54
43,Equal Employment Opportunity Commission,045,2025,458978768.26
44,Executive Office of the President,1100,2018,801453622.88
44,Executive Office of the President,1100,2019,850467072.60
44,Executive Office of the President,1100,2020,895223470.17
44,Executive Office of the President,1100,2021,932834014.13
44,Executive Office of the President,1100,2022,972721157.12
44,Executive Office of the President,1100,2023,1056279811.81
44,Executive Office of the President,1100,2024,1179956473.79
44,Executive Office of the President,1100,2025,1083639268.25
45,Export-Import Bank of the United States,083,2018,781867699.43
45,Export-Import Bank of the United States,083,2019,649222721.62
45,Export-Import Bank of the United States,083,2020,208004985.47
45,Export-Import Bank of the United States,083,2021,858745789.98
45,Export-Import Bank of the United States,083,2022,441247396.26
45,Export-Import Bank of the United States,083,2023,326267326.55
45,Export-Import Bank of the United States,083,2024,243835967.13
45,Export-Import Bank of the United States,083,2025,261239723.31
46,Farm Credit System Insurance Corporation,7802,2018,179796761.25
46,Farm Credit System Insurance Corporation,7802,2019,70085000.99
46,Farm Credit System Insurance Corporation,7802,2020,67145786.67
46,Farm Credit System Insurance Corporation,7802,2021,4499350.33
46,Farm Credit System Insurance Corporation,7802,2022,5027666.75
46,Farm Credit System Insurance Corporation,7802,2023,5088439.15
46,Farm Credit System Insurance Corporation,7802,2024,128165652.50
46,Farm Credit System Insurance Corporation,7802,2025,82011373.51
47,Federal Communications Commission,027,2018,11059379321.21
47,Federal Communications Commission,027,2019,16199733234.13
47,Federal Communications Commission,027,2020,9316144410.95
47,Federal Communications Commission,027,2021,13271003291.52
47,Federal Communications Commission,027,2022,24850873568.37
47,Federal Communications Commission,027,2023,17181021504.10
47,Federal Communications Commission,027,2024,32495294443.84
47,Federal Communications Commission,027,2025,11707138116.59
48,Federal Deposit Insurance Corporation,051,2018,2012726421.59
48,Federal Deposit Insurance Corporation,051,2019,1899309669.29
48,Federal Deposit Insurance Corporation,051,2020,2209270753.22
48,Federal Deposit Insurance Corporation,051,2021,2027962913.10
48,Federal Deposit Insurance Corporation,051,2022,1865204486.52
48,Federal Deposit Insurance Corporation,051,2023,144949378868.08
48,Federal Deposit Insurance Corporation,051,2024,71577874701.75
48,Federal Deposit Insurance Corporation,051,2025,5110573076.79
49,Federal Election Commission,360,2018,74770608.69
49,Federal Election Commission,360,2019,69232534.06
49,Federal Election Commission,360,2020,8404371498.48
49,Federal Election Commission,360,2021,89365527.82
49,Federal Election Commission,360,2022,74592401.94
49,Federal Election Commission,360,2023,81858499.22
49,Federal Election Commission,360,2024,82539929.30
49,Federal Election Commission,360,2025,83334387.34
50,Federal Financial Institutions Examination Council,362,2019,3750146.01
50,Federal Financial Institutions Examination Council,362,2020,3836180.51
50,Federal Financial Institutions Examination Council,362,2021,3198942.26
50,Federal Financial Institutions Examination Council,362,2022,6244913.52
50,Federal Financial Institutions Examination Council,362,2023,6303128.02
50,Federal Financial Institutions Examination Council,362,2024,6935254.24
51,Federal Labor Relations Authority,054,2018,26408865.28
51,Federal Labor Relations Authority,054,2019,26386975.00
51,Federal Labor Relations Authority,054,2020,25108102.53
51,Federal Labor Relations Authority,054,2021,27621040.16
51,Federal Labor Relations Authority,054,2022,27888159.29
51,Federal Labor Relations Authority,054,2023,30556573.84
51,Federal Labor Relations Authority,054,2024,30849329.36
51,Federal Labor Relations Authority,054,2025,29478562.36
52,Federal Maritime Commission,065,2018,27138443.48
52,Federal Maritime Commission,065,2019,27339179.35
52,Federal Maritime Commission,065,2020,27584163.58
52,Federal Maritime Commission,065,2021,30247419.17
52,Federal Maritime Commission,065,2022,32899803.27
52,Federal Maritime Commission,065,2023,38585900.53
52,Federal Maritime Commission,065,2024,39489665.83
52,Federal Maritime Commission,065,2025,39295602.34
53,Federal Mediation and Conciliation Service,093,2018,56731391.66
53,Federal Mediation and Conciliation Service,093,2019,56013694.56
53,Federal Mediation and Conciliation Service,093,2020,49215749.04
53,Federal Mediation and Conciliation Service,093,2021,48502747.22
53,Federal Mediation and Conciliation Service,093,2022,49457817.44
53,Federal Mediation and Conciliation Service,093,2023,55185450.80
53,Federal Mediation and Conciliation Service,093,2024,56187993.41
53,Federal Mediation and Conciliation Service,093,2025,49159149.34
54,Federal Mine Safety and Health Review Commission,368,2018,16397882.38
54,Federal Mine Safety and Health Review Commission,368,2019,15194015.35
54,Federal Mine Safety and Health Review Commission,368,2020,16793703.75
54,Federal Mine Safety and Health Review Commission,368,2021,17095613.77
54,Federal Mine Safety and Health Review Commission,368,2022,15810391.25
54,Federal Mine Safety and Health Review Commission,368,2023,16199027.14
54,Federal Mine Safety and Health Review Commission,368,2024,17406980.55
54,Federal Mine Safety and Health Review Commission,368,2025,17548515.24
55,Federal Permitting Improvement Steering Council,473,2020,6128218.71
55,Federal Permitting Improvement Steering Council,473,2021,8239717.60
55,Federal Permitting Improvement Steering Council,473,2022,7675091.07
55,Federal Permitting Improvement Steering Council,473,2023,24116460.39
55,Federal Permitting Improvement Steering Council,473,2024,119063432.87
55,Federal Permitting Improvement Steering Council,473,2025,82234873.62
56,Federal Trade Commission,029,2018,326237902.81
56,Federal Trade Commission,029,2019,331002455.85
56,Federal Trade Commission,029,2020,349379734.28
56,Federal Trade Commission,029,2021,351526386.53
56,Federal Trade Commission,029,2022,370345949.68
56,Federal Trade Commission,029,2023,427448856.43
56,Federal Trade Commission,029,2024,454013964.80
56,Federal Trade Commission,029,2025,427973866.72
57,General Services Administration,047,2018,27223613181.69
57,General Services Administration,047,2019,29695947736.84
57,General Services Administration,047,2020,49721015882.86
57,General Services Administration,047,2021,34024674349.58
57,General Services Administration,047,2022,36042223039.07
57,General Services Administration,047,2023,40452659305.84
57,General Services Administration,047,2024,43912595486.68
57,General Services Administration,047,2025,41896513755.49
58,Government Accountability Office,005,2018,609666549.93
58,Government Accountability Office,005,2019,642242633.49
58,Government Accountability Office,005,2020,663423914.60
58,Government Accountability Office,005,2021,722220775.57
58,Government Accountability Office,005,2022,760352066.33
58,Government Accountability Office,005,2023,839611011.42
58,Government Accountability Office,005,2024,902447241.83
58,Government Accountability Office,005,2025,943770259.66
59,Gulf Coast Ecosystem Restoration Council,471,2018,94034301.09
59,Gulf Coast Ecosystem Restoration Council,471,2019,57773584.53
59,Gulf Coast Ecosystem Restoration Council,471,2020,152348203.08
59,Gulf Coast Ecosystem Restoration Council,471,2021,120815941.10
59,Gulf Coast Ecosystem Restoration Council,471,2022,160799964.75
59,Gulf Coast Ecosystem Restoration Council,471,2023,260784024.13
59,Gulf Coast Ecosystem Restoration Council,471,2024,249755205.36
59,Gulf Coast Ecosystem Restoration Council,471,2025,196956121.36
60,Harry S Truman Scholarship Foundation,372,2018,3805359.80
60,Harry S Truman Scholarship Foundation,372,2019,3387127.47
60,Harry S Truman Scholarship Foundation,372,2020,3904237.16
60,Harry S Truman Scholarship Foundation,372,2021,2647903.60
60,Harry S Truman Scholarship Foundation,372,2022,4873952.94
60,Harry S Truman Scholarship Foundation,372,2023,5504084.40
60,Harry S Truman Scholarship Foundation,372,2024,5323775.77
60,Harry S Truman Scholarship Foundation,372,2025,6095709.81
61,Institute of Museum and Library Services,474,2018,242665810.14
61,Institute of Museum and Library Services,474,2019,246362267.52
61,Institute of Museum and Library Services,474,2020,303439448.63
61,Institute of Museum and Library Services,474,2021,451772297.29
61,Institute of Museum and Library Services,474,2022,291387350.63
61,Institute of Museum and Library Services,474,2023,303190626.62
61,Institute of Museum and Library Services,474,2024,304306832.59
61,Institute of Museum and Library Services,474,2025,294970942.46
62,Inter-American Foundation,164,2018,31731758.77
62,Inter-American Foundation,164,2019,31868459.29
62,Inter-American Foundation,164,2020,44718998.55
62,Inter-American Foundation,164,2021,46154158.78
62,Inter-American Foundation,164,2022,44798793.00
62,Inter-American Foundation,164,2023,51834618.24
62,Inter-American Foundation,164,2024,45830410.48
62,Inter-American Foundation,164,2025,18140283.73
63,International Trade Commission,034,2018,95445914.52
63,International Trade Commission,034,2019,103815828.47
63,International Trade Commission,034,2020,102176578.64
63,International Trade Commission,034,2021,104693496.63
63,International Trade Commission,034,2022,108600253.01
63,International Trade Commission,034,2023,115149080.25
63,International Trade Commission,034,2024,129558112.91
63,International Trade Commission,034,2025,129667558.27
64,James Madison Memorial Fellowship Foundation,381,2018,2101708.71
64,James Madison Memorial Fellowship Foundation,381,2019,2192311.75
64,James Madison Memorial Fellowship Foundation,381,2020,2349334.01
64,James Madison Memorial Fellowship Foundation,381,2021,2370708.54
64,James Madison Memorial Fellowship Foundation,381,2022,2937477.63
64,James Madison Memorial Fellowship Foundation,381,2023,2936359.26
64,James Madison Memorial Fellowship Foundation,381,2024,2685729.28
64,James Madison Memorial Fellowship Foundation,381,2025,2640416.62
65,Japan-United States Friendship Commission,382,2018,3789448.49
65,Japan-United States Friendship Commission,382,2019,2625347.24
65,Japan-United States Friendship Commission,382,2020,2710634.86
65,Japan-United States Friendship Commission,382,2021,1214027.11
65,Japan-United States Friendship Commission,382,2022,2031729.66
65,Japan-United States Friendship Commission,382,2023,2526805.09
65,Japan-United States Friendship Commission,382,2024,2377314.34
65,Japan-United States Friendship Commission,382,2025,2623117.77
66,John F. Kennedy Center for the Performing Arts,3301,2018,56277873.70
66,John F. Kennedy Center for the Performing Arts,3301,2019,36394154.02
66,John F. Kennedy Center for the Performing Arts,3301,2020,57342156.44
66,John F. Kennedy Center for the Performing Arts,3301,2021,3549421.76
66,John F. Kennedy Center for the Performing Arts,3301,2022,46263914.01
67,Marine Mammal Commission,387,2018,3564701.66
67,Marine Mammal Commission,387,2019,3484124.34
67,Marine Mammal Commission,387,2020,3552991.72
67,Marine Mammal Commission,387,2021,2977694.74
67,Marine Mammal Commission,387,2022,3892159.32
67,Marine Mammal Commission,387,2023,4249629.61
67,Marine Mammal Commission,387,2024,4385058.88
67,Marine Mammal Commission,387,2025,3999099.80
68,Merit Systems Protection Board,389,2018,46320572.25
68,Merit Systems Protection Board,389,2019,47982558.71
68,Merit Systems Protection Board,389,2020,46383252.00
68,Merit Systems Protection Board,389,2021,46818542.74
68,Merit Systems Protection Board,389,2022,50230932.31
68,Merit Systems Protection Board,389,2023,52206227.40
68,Merit Systems Protection Board,389,2024,52280029.48
68,Merit Systems Protection Board,389,2025,51024006.35
69,Millennium Challenge Corporation,524,2018,704347221.56
69,Millennium Challenge Corporation,524,2019,737659494.32
69,Millennium Challenge Corporation,524,2020,248986722.55
69,Millennium Challenge Corporation,524,2021,1097307444.54
69,Millennium Challenge Corporation,524,2022,433999166.20
69,Millennium Challenge Corporation,524,2023,839474640.15
69,Millennium Challenge Corporation,524,2024,1770752030.74
69,Millennium Challenge Corporation,524,2025,487931638.23
70,Morris K. Udall and Stewart L. Udall Foundation,487,2018,11384070.40
70,Morris K. Udall and Stewart L. Udall Foundation,487,2019,9655852.20
70,Morris K. Udall and Stewart L. Udall Foundation,487,2020,7677669.36
70,Morris K. Udall and Stewart L. Udall Foundation,487,2021,696389.72
70,Morris K. Udall and Stewart L. Udall Foundation,487,2022,3017386.48
70,Morris K. Udall and Stewart L. Udall Foundation,487,2023,12218390.90
70,Morris K. Udall and Stewart L. Udall Foundation,487,2024,13215053.95
70,Morris K. Udall and Stewart L. Udall Foundation,487,2025,11466700.50
71,National Aeronautics and Space Administration,080,2018,23374772397.04
71,National Aeronautics and Space Administration,080,2019,23970779821.76
71,National Aeronautics and Space Administration,080,2020,25270913534.38
71,National Aeronautics and Space Administration,080,2021,25239918110.98
71,National Aeronautics and Space Administration,080,2022,26555359474.73
71,National Aeronautics and Space Administration,080,2023,28276054721.70
71,National Aeronautics and Space Administration,080,2024,27170027696.15
71,National Aeronautics and Space Administration,080,2025,28773421746.59
72,National Archives and Records Administration,088,2018,618242891.29
72,National Archives and Records Administration,088,2019,606744019.88
72,National Archives and Records Administration,088,2020,576919129.13
72,National Archives and Records Administration,088,2021,594516970.55
72,National Archives and Records Administration,088,2022,652875901.08
72,National Archives and Records Administration,088,2023,757424621.52
72,National Archives and Records Administration,088,2024,791203304.57
72,National Archives and Records Administration,088,2025,747214997.43
73,National Capital Planning Commission,394,2018,0.00
73,National Capital Planning Commission,394,2019,8180385.89
73,National Capital Planning Commission,394,2020,8146283.94
73,National Capital Planning Commission,394,2021,8351628.80
73,National Capital Planning Commission,394,2022,8554970.17
73,National Capital Planning Commission,394,2023,8909444.55
73,National Capital Planning Commission,394,2024,9899703.23
73,National Capital Planning Commission,394,2025,12378944.74
74,National Council on Disability,413,2018,3229462.87
74,National Council on Disability,413,2019,3270367.01
74,National Council on Disability,413,2020,3396964.93
74,National Council on Disability,413,2021,3079832.10
75,National Credit Union Administration,025,2018,2600116.93
75,National Credit Union Administration,025,2019,4927568.85
75,National Credit Union Administration,025,2020,4844082.55
75,National Credit Union Administration,025,2021,2088207.33
75,National Credit Union Administration,025,2022,2210943.50
75,National Credit Union Administration,025,2023,4936854.11
75,National Credit Union Administration,025,2024,5092568.84
75,National Credit Union Administration,025,2025,1956489.28
76,National Endowment for the Arts,417,2018,153804138.68
76,National Endowment for the Arts,417,2019,157524091.19
76,National Endowment for the Arts,417,2020,242006598.29
76,National Endowment for the Arts,417,2021,221156393.99
76,National Endowment for the Arts,417,2022,261051350.58
76,National Endowment for the Arts,417,2023,201739939.56
76,National Endowment for the Arts,417,2024,207788143.93
76,National Endowment for the Arts,417,2025,176960854.01
77,National Endowment for the Humanities,418,2018,143927473.76
77,National Endowment for the Humanities,418,2019,156013291.10
77,National Endowment for the Humanities,418,2020,230411617.39
77,National Endowment for the Humanities,418,2021,251345592.04
77,National Endowment for the Humanities,418,2022,233112784.02
77,National Endowment for the Humanities,418,2023,217355437.25
77,National Endowment for the Humanities,418,2024,210590472.39
77,National Endowment for the Humanities,418,2025,109789564.89
78,National Labor Relations Board,420,2019,269316861.43
78,National Labor Relations Board,420,2020,275942579.09
78,National Labor Relations Board,420,2021,274420560.96
78,National Labor Relations Board,420,2022,275154469.87
78,National Labor Relations Board,420,2023,299428799.35
78,National Labor Relations Board,420,2024,304672224.49
78,National Labor Relations Board,420,2025,306857241.42
79,National Mediation Board,421,2018,11804437.76
79,National Mediation Board,421,2019,12866141.62
79,National Mediation Board,421,2020,13521106.52
79,National Mediation Board,421,2021,14334369.91
79,National Mediation Board,421,2022,14844762.35
79,National Mediation Board,421,2023,14940633.10
79,National Mediation Board,421,2024,15099493.34
79,National Mediation Board,421,2025,14971320.47
80,National Science Foundation,049,2018,8132723913.90
80,National Science Foundation,049,2019,8449542492.53
80,National Science Foundation,049,2020,8596034079.86
80,National Science Foundation,049,2021,9018208184.77
80,National Science Foundation,049,2022,9523708321.45
80,National Science Foundation,049,2023,9861960523.64
80,National Science Foundation,049,2024,9746030086.42
80,National Science Foundation,049,2025,9885079238.42
81,National Transportation Safety Board,424,2018,109846218.05
81,National Transportation Safety Board,424,2019,109947032.26
81,National Transportation Safety Board,424,2020,110111902.09
81,National Transportation Safety Board,424,2021,117854299.44
81,National Transportation Safety Board,424,2022,120960489.68
81,National Transportation Safety Board,424,2023,128713316.47
81,National Transportation Safety Board,424,2024,143163262.16
81,National Transportation Safety Board,424,2025,154274105.53
82,Northern Border Regional Commission,573,2018,12420291.07
82,Northern Border Regional Commission,573,2019,23172027.33
82,Northern Border Regional Commission,573,2020,6474629.70
82,Northern Border Regional Commission,573,2021,18420704.00
82,Northern Border Regional Commission,573,2022,20831111.64
82,Northern Border Regional Commission,573,2023,71347094.16
82,Northern Border Regional Commission,573,2024,54295553.54
82,Northern Border Regional Commission,573,2025,96316585.88
83,Nuclear Regulatory Commission,031,2018,934013915.09
83,Nuclear Regulatory Commission,031,2019,895020061.42
83,Nuclear Regulatory Commission,031,2020,865238147.39
83,Nuclear Regulatory Commission,031,2021,883053371.95
83,Nuclear Regulatory Commission,031,2022,890682281.17
83,Nuclear Regulatory Commission,031,2023,946775650.07
83,Nuclear Regulatory Commission,031,2024,1008549839.29
83,Nuclear Regulatory Commission,031,2025,988090435.96
84,Nuclear Waste Technical Review Board,431,2018,2950908.92
84,Nuclear Waste Technical Review Board,431,2019,3613277.87
84,Nuclear Waste Technical Review Board,431,2020,3861520.66
84,Nuclear Waste Technical Review Board,431,2021,195660.23
84,Nuclear Waste Technical Review Board,431,2022,3578002.35
84,Nuclear Waste Technical Review Board,431,2023,3845555.93
84,Nuclear Waste Technical Review Board,431,2024,4737031.74
84,Nuclear Waste Technical Review Board,431,2025,3906469.41
85,Occupational Safety and Health Review Commission,432,2018,13251116.65
85,Occupational Safety and Health Review Commission,432,2019,12774860.69
85,Occupational Safety and Health Review Commission,432,2020,13131459.04
85,Occupational Safety and Health Review Commission,432,2021,13287862.98
85,Occupational Safety and Health Review Commission,432,2022,13400933.90
85,Occupational Safety and Health Review Commission,432,2023,14536804.08
85,Occupational Safety and Health Review Commission,432,2024,14413120.20
85,Occupational Safety and Health Review Commission,432,2025,14074434.17
86,Office of Government Ethics,434,2018,16718816.09
86,Office of Government Ethics,434,2019,16988670.40
86,Office of Government Ethics,434,2020,17426138.49
86,Office of Government Ethics,434,2021,19187572.62
86,Office of Government Ethics,434,2022,19160654.67
86,Office of Government Ethics,434,2023,22969686.32
86,Office of Government Ethics,434,2024,21042540.03
86,Office of Government Ethics,434,2025,21801177.92
87,Office of Navajo and Hopi Indian Relocation,435,2020,0.00
87,Office of Navajo and Hopi Indian Relocation,435,2021,0.00
87,Office of Navajo and Hopi Indian Relocation,435,2022,0.00
87,Office of Navajo and Hopi Indian Relocation,435,2023,6251243.39
87,Office of Navajo and Hopi Indian Relocation,435,2024,5395160.39
87,Office of Navajo and Hopi Indian Relocation,435,2025,4797733.71
88,Office of Personnel Management,024,2018,204645449087.59
88,Office of Personnel Management,024,2019,210709283328.18
88,Office of Personnel Management,024,2020,214335359195.00
88,Office of Personnel Management,024,2021,221600779353.15
88,Office of Personnel Management,024,2022,229562706715.02
88,Office of Personnel Management,024,2023,234222972505.51
88,Office of Personnel Management,024,2024,246262927036.16
88,Office of Personnel Management,024,2025,262040905041.82
89,Office of Special Counsel,062,2018,26441086.40
89,Office of Special Counsel,062,2019,26359805.25
89,Office of Special Counsel,062,2020,27887797.72
89,Office of Special Counsel,062,2021,29533682.87
89,Office of Special Counsel,062,2022,32356175.71
89,Office of Special Counsel,062,2023,31953095.33
89,Office of Special Counsel,062,2024,31714299.98
89,Office of Special Counsel,062,2025,31510829.63
90,Overseas Private Investment Corporation,071,2018,522919950.04
90,Overseas Private Investment Corporation,071,2019,481065504.40
90,Overseas Private Investment Corporation,071,2020,43150026.25
90,Overseas Private Investment Corporation,071,2021,0.00
90,Overseas Private Investment Corporation,071,2022,0.00
90,Overseas Private Investment Corporation,071,2023,0.03
90,Overseas Private Investment Corporation,071,2024,0.00
90,Overseas Private Investment Corporation,071,2025,0.00
91,Patient-Centered Outcomes Research Trust Fund,579,2018,764770071.01
91,Patient-Centered Outcomes Research Trust Fund,579,2019,723342024.83
91,Patient-Centered Outcomes Research Trust Fund,579,2020,862812664.52
91,Patient-Centered Outcomes Research Trust Fund,579,2021,883448457.74
91,Patient-Centered Outcomes Research Trust Fund,579,2022,946890900.67
91,Patient-Centered Outcomes Research Trust Fund,579,2023,1006720026.18
91,Patient-Centered Outcomes Research Trust Fund,579,2024,1084914364.17
91,Patient-Centered Outcomes Research Trust Fund,579,2025,1185134896.83
92,Peace Corps,1125,2018,422120656.16
92,Peace Corps,1125,2019,451407755.63
92,Peace Corps,1125,2020,928191294.44
92,Peace Corps,1125,2021,1288696565.20
92,Peace Corps,1125,2022,445249161.87
92,Peace Corps,1125,2023,472399171.32
92,Peace Corps,1125,2024,476259483.12
92,Peace Corps,1125,2025,456879972.55
93,Pension Benefit Guaranty Corporation,1602,2018,6363774931.81
93,Pension Benefit Guaranty Corporation,1602,2019,6510482314.69
93,Pension Benefit Guaranty Corporation,1602,2020,6548256148.30
93,Pension Benefit Guaranty Corporation,1602,2021,6991998361.26
93,Pension Benefit Guaranty Corporation,1602,2022,14739682100.21
93,Pension Benefit Guaranty Corporation,1602,2023,52988712993.56
93,Pension Benefit Guaranty Corporation,1602,2024,21638784404.11
93,Pension Benefit Guaranty Corporation,1602,2025,13294541941.73
94,Presidio Trust,512,2021,209683394.61
94,Presidio Trust,512,2022,171784145.29
94,Presidio Trust,512,2023,183812047.29
94,Presidio Trust,512,2024,401327323.56
94,Presidio Trust,512,2025,207710653.33
95,Privacy and Civil Liberties Oversight Board,535,2018,7594229.67
95,Privacy and Civil Liberties Oversight Board,535,2019,9427921.25
95,Privacy and Civil Liberties Oversight Board,535,2020,10340418.69
95,Privacy and Civil Liberties Oversight Board,535,2021,10232199.67
95,Privacy and Civil Liberties Oversight Board,535,2022,11316274.67
95,Privacy and Civil Liberties Oversight Board,535,2023,10999230.74
95,Privacy and Civil Liberties Oversight Board,535,2024,11648086.29
95,Privacy and Civil Liberties Oversight Board,535,2025,13778832.52
96,Public Buildings Reform Board,290,2020,3219759.99
96,Public Buildings Reform Board,290,2021,2886971.85
96,Public Buildings Reform Board,290,2022,1072716.09
96,Public Buildings Reform Board,290,2023,1873060.80
96,Public Buildings Reform Board,290,2024,2774477.80
96,Public Buildings Reform Board,290,2025,2014046.92
97,Railroad Retirement Board,060,2018,15903332854.00
97,Railroad Retirement Board,060,2019,16140467132.73
97,Railroad Retirement Board,060,2020,16915905836.35
97,Railroad Retirement Board,060,2021,18155009918.82
97,Railroad Retirement Board,060,2022,16969500651.90
97,Railroad Retirement Board,060,2023,17008964703.44
97,Railroad Retirement Board,060,2024,17102250079.47
97,Railroad Retirement Board,060,2025,17522536724.90
98,Securities and Exchange Commission,050,2018,1855004303.62
98,Securities and Exchange Commission,050,2019,1783122298.31
98,Securities and Exchange Commission,050,2020,2063050017.71
98,Securities and Exchange Commission,050,2021,2825637093.26
98,Securities and Exchange Commission,050,2022,2323030337.91
98,Securities and Exchange Commission,050,2023,2882792771.13
98,Securities and Exchange Commission,050,2024,2513273711.32
98,Securities and Exchange Commission,050,2025,2279809318.74
99,Selective Service System,090,2018,23172852.66
99,Selective Service System,090,2019,26592046.95
99,Selective Service System,090,2020,28433172.04
99,Selective Service System,090,2021,27884824.20
99,Selective Service System,090,2022,32080223.96
99,Selective Service System,090,2023,35739009.63
100,Small Business Administration,073,2018,2768909207.80
100,Small Business Administration,073,2019,1655875288.73
100,Small Business Administration,073,2020,590233164046.43
100,Small Business Administration,073,2021,348440144632.46
100,Small Business Administration,073,2022,35455067058.76
100,Small Business Administration,073,2023,32264243028.23
100,Small Business Administration,073,2024,36577355477.46
100,Small Business Administration,073,2025,12534817541.37
101,Social Security Administration,028,2018,1097255690866.90
101,Social Security Administration,028,2019,1159468739487.30
101,Social Security Administration,028,2020,1216027996696.20
101,Social Security Administration,028,2021,1248653319331.43
101,Social Security Administration,028,2022,1364987764104.88
101,Social Security Administration,028,2023,1506843076037.29
101,Social Security Administration,028,2024,1607954869344.54
101,Social Security Administration,028,2025,1740398104292.52
102,Southeast Crescent Regional Commission,574,2025,4683253.12
103,Southwest Border Regional Commission,569,2025,11997122.08
104,Surface Transportation Board,472,2018,35413358.26
104,Surface Transportation Board,472,2019,36694907.81
104,Surface Transportation Board,472,2020,36686200.51
104,Surface Transportation Board,472,2021,37286404.28
104,Surface Transportation Board,472,2022,39004967.66
104,Surface Transportation Board,472,2023,41149455.91
104,Surface Transportation Board,472,2024,45012408.62
104,Surface Transportation Board,472,2025,47582198.94
105,U.S. Agency for Global Media,514,2018,810062764.33
105,U.S. Agency for Global Media,514,2019,815673698.46
105,U.S. Agency for Global Media,514,2020,818778126.60
105,U.S. Agency for Global Media,514,2021,838791126.55
105,U.S. Agency for Global Media,514,2022,874436298.12
105,U.S. Agency for Global Media,514,2023,905419825.23
105,U.S. Agency for Global Media,514,2024,905944680.62
105,U.S. Agency for Global Media,514,2025,762743620.21
106,U.S. Interagency Council on Homelessness,376,2018,3712925.40
107,U.S. International Development Finance Corporation,077,2020,514773049.87
107,U.S. International Development Finance Corporation,077,2021,965363203.30
107,U.S. International Development Finance Corporation,077,2022,1472115830.14
107,U.S. International Development Finance Corporation,077,2023,1732011037.10
107,U.S. International Development Finance Corporation,077,2024,1885854909.05
107,U.S. International Development Finance Corporation,077,2025,1105779615.45
108,United States Chemical Safety Board,510,2018,10940895.38
108,United States Chemical Safety Board,510,2019,10711526.96
108,United States Chemical Safety Board,510,2020,10263756.15
108,United States Chemical Safety Board,510,2021,11375091.80
108,United States Chemical Safety Board,510,2022,13398973.82
108,United States Chemical Safety Board,510,2023,14452038.30
108,United States Chemical Safety Board,510,2024,14419511.79
108,United States Chemical Safety Board,510,2025,14452094.07
109,United States Court of Appeals for Veterans Claims,345,2018,34618654.42
109,United States Court of Appeals for Veterans Claims,345,2019,35870637.53
109,United States Court of Appeals for Veterans Claims,345,2020,38213505.61
109,United States Court of Appeals for Veterans Claims,345,2021,40055473.82
109,United States Court of Appeals for Veterans Claims,345,2022,44390890.21
109,United States Court of Appeals for Veterans Claims,345,2023,47295375.83
109,United States Court of Appeals for Veterans Claims,345,2024,46234521.09
109,United States Court of Appeals for Veterans Claims,345,2025,45241515.39
110,United States Trade and Development Agency,1133,2018,77730682.64
110,United States Trade and Development Agency,1133,2019,74362835.27
110,United States Trade and Development Agency,1133,2021,88639923.64
110,United States Trade and Development Agency,1133,2022,91911901.24
110,United States Trade and Development Agency,1133,2024,113342817.59
110,United States Trade and Development Agency,1133,2025,59690323.13
111,Vietnam Education Foundation,519,2018,964174.43
