400 Years of African-American History Commission,2021,759997.00,NULL,NULL
400 Years of African-American History Commission,2022,2614708.82,759997.00,2.440419
400 Years of African-American History Commission,2023,3149161.55,2614708.82,0.204402
400 Years of African-American History Commission,2024,3003806.05,3149161.55,-0.046156
Access Board,2018,8506989.04,NULL,NULL
Access Board,2019,8364298.75,8506989.04,-0.016773
Access Board,2020,8957361.94,8364298.75,0.070904
Access Board,2021,8932331.75,8957361.94,-0.002794
Access Board,2022,9428249.10,8932331.75,0.055519
Access Board,2023,8863660.56,9428249.10,-0.059882
Access Board,2024,8713121.61,8863660.56,-0.016983
Access Board,2025,9965498.76,8713121.61,0.143734
Administrative Conference of the U.S.,2018,2118391.02,NULL,NULL
Administrative Conference of the U.S.,2019,3174964.94,2118391.02,0.498762
Administrative Conference of the U.S.,2020,3594639.94,3174964.94,0.132182
Administrative Conference of the U.S.,2021,2403904.75,3594639.94,-0.331252
Administrative Conference of the U.S.,2022,3743559.84,2403904.75,0.557282
Administrative Conference of the U.S.,2023,3525694.57,3743559.84,-0.058197
Administrative Conference of the U.S.,2024,3605664.47,3525694.57,0.022682
Administrative Conference of the U.S.,2025,3495248.89,3605664.47,-0.030622
Advisory Council on Historic Preservation,2018,11528120.26,NULL,NULL
Advisory Council on Historic Preservation,2019,8567657.71,11528120.26,-0.256803
Advisory Council on Historic Preservation,2020,8675351.58,8567657.71,0.012569
Advisory Council on Historic Preservation,2021,9032288.94,8675351.58,0.041143
Advisory Council on Historic Preservation,2022,10013525.28,9032288.94,0.108636
Advisory Council on Historic Preservation,2023,10714100.94,10013525.28,0.069962
Advisory Council on Historic Preservation,2024,11053390.69,10714100.94,0.031667
Advisory Council on Historic Preservation,2025,11327181.61,11053390.69,0.024769
African Development Foundation,2018,33269858.59,NULL,NULL
African Development Foundation,2019,37670236.59,33269858.59,0.132263
African Development Foundation,2020,42005459.51,37670236.59,0.115083
African Development Foundation,2021,45529418.22,42005459.51,0.083892
African Development Foundation,2022,32264933.39,45529418.22,-0.291338
African Development Foundation,2023,58255240.26,32264933.39,0.805527
African Development Foundation,2024,56890299.36,58255240.26,-0.023430
African Development Foundation,2025,20290440.92,56890299.36,-0.643340
Agency for International Development,2018,15496083148.39,NULL,NULL
Agency for International Development,2019,16056798953.39,15496083148.39,0.036184
Agency for International Development,2020,16840551990.67,16056798953.39,0.048811
Agency for International Development,2021,23656313423.65,16840551990.67,0.404723
Agency for International Development,2022,32760502077.38,23656313423.65,0.384852
Agency for International Development,2023,38178688874.98,32760502077.38,0.165387
Agency for International Development,2024,25338242649.50,38178688874.98,-0.336324
Agency for International Development,2025,15844167462.19,25338242649.50,-0.374693
American Battle Monuments Commission,2018,99955086.61,NULL,NULL
American Battle Monuments Commission,2019,83880793.52,99955086.61,-0.160815
American Battle Monuments Commission,2020,90300651.57,83880793.52,0.076535
American Battle Monuments Commission,2021,105002942.40,90300651.57,0.162814
American Battle Monuments Commission,2022,93215758.42,105002942.40,-0.112255
American Battle Monuments Commission,2023,102972156.08,93215758.42,0.104664
American Battle Monuments Commission,2024,98138664.40,102972156.08,-0.046939
American Battle Monuments Commission,2025,126597477.59,98138664.40,0.289985
Appalachian Regional Commission,2018,57029208.63,NULL,NULL
Appalachian Regional Commission,2019,183144516.49,57029208.63,2.211416
Appalachian Regional Commission,2020,169753524.91,183144516.49,-0.073117
Appalachian Regional Commission,2021,90190889.93,169753524.91,-0.468695
Appalachian Regional Commission,2022,217878712.00,90190889.93,1.415750
Appalachian Regional Commission,2023,318627431.99,217878712.00,0.462407
Appalachian Regional Commission,2024,382770815.71,318627431.99,0.201311
Appalachian Regional Commission,2025,9215690.61,382770815.71,-0.975923
Armed Forces Retirement Home,2018,81365210.41,NULL,NULL
Armed Forces Retirement Home,2019,83794996.70,81365210.41,0.029862
Armed Forces Retirement Home,2020,89190718.93,83794996.70,0.064391
Armed Forces Retirement Home,2021,87390364.16,89190718.93,-0.020185
Armed Forces Retirement Home,2022,115831569.79,87390364.16,0.325450
Armed Forces Retirement Home,2023,172396322.63,115831569.79,0.488336
Armed Forces Retirement Home,2024,98099078.08,172396322.63,-0.430967
Armed Forces Retirement Home,2025,142878765.40,98099078.08,0.456474
Barry Goldwater Scholarship and Excellence In Education Foundation,2018,2504915.64,NULL,NULL
Barry Goldwater Scholarship and Excellence In Education Foundation,2019,2025307.94,2504915.64,-0.191466
Barry Goldwater Scholarship and Excellence In Education Foundation,2020,3422282.70,2025307.94,0.689759
Barry Goldwater Scholarship and Excellence In Education Foundation,2021,746559.69,3422282.70,-0.781853
Barry Goldwater Scholarship and Excellence In Education Foundation,2022,3257584.64,746559.69,3.363461
Barry Goldwater Scholarship and Excellence In Education Foundation,2023,2442916.31,3257584.64,-0.250083
Barry Goldwater Scholarship and Excellence In Education Foundation,2024,3785397.35,2442916.31,0.549540
Barry Goldwater Scholarship and Excellence In Education Foundation,2025,3941865.44,3785397.35,0.041334
Commission for the Preservation of America's Heritage Abroad,2018,694159.80,NULL,NULL
Commission for the Preservation of America's Heritage Abroad,2019,763910.76,694159.80,0.100482
Commission for the Preservation of America's Heritage Abroad,2020,694082.37,763910.76,-0.091409
Commission for the Preservation of America's Heritage Abroad,2021,486926.10,694082.37,-0.298460
Commission for the Preservation of America's Heritage Abroad,2022,686045.88,486926.10,0.408932
Commission for the Preservation of America's Heritage Abroad,2023,832020.57,686045.88,0.212776
Commission for the Preservation of America's Heritage Abroad,2024,786460.96,832020.57,-0.054757
Commission of Fine Arts,2018,5464894.86,NULL,NULL
Commission of Fine Arts,2019,5549225.72,5464894.86,0.015431
Commission of Fine Arts,2020,8232477.63,5549225.72,0.483536
Commission of Fine Arts,2021,8191744.33,8232477.63,-0.004947
Commission of Fine Arts,2022,8130067.85,8191744.33,-0.007529
Commission of Fine Arts,2024,8418836.06,8130067.85,0.035518
Commission of Fine Arts,2025,8832245.33,8418836.06,0.049105
Commission on Civil Rights,2018,9764259.07,NULL,NULL
Commission on Civil Rights,2019,9460883.39,9764259.07,-0.031070
Commission on Civil Rights,2020,10281297.89,9460883.39,0.086716
Commission on Civil Rights,2021,9213599.89,10281297.89,-0.103848
Commission on Civil Rights,2022,13444879.39,9213599.89,0.459242
Commission on Civil Rights,2023,13961527.74,13444879.39,0.038427
Commission on Civil Rights,2024,13389279.92,13961527.74,-0.040987
Commission on Civil Rights,2025,14140597.15,13389279.92,0.056113
Committee for Purchase from People Who Are Blind or Severely Disabled,2018,6275757.81,NULL,NULL
Committee for Purchase from People Who Are Blind or Severely Disabled,2019,8975163.20,6275757.81,0.430132
Committee for Purchase from People Who Are Blind or Severely Disabled,2020,11339792.21,8975163.20,0.263463
Committee for Purchase from People Who Are Blind or Severely Disabled,2021,8030528.28,11339792.21,-0.291827
Committee for Purchase from People Who Are Blind or Severely Disabled,2022,10838207.96,8030528.28,0.349625
Committee for Purchase from People Who Are Blind or Severely Disabled,2023,14328602.33,10838207.96,0.322045
Committee for Purchase from People Who Are Blind or Severely Disabled,2024,12276869.42,14328602.33,-0.143191
Committee for Purchase from People Who Are Blind or Severely Disabled,2025,13114121.25,12276869.42,0.068197
Commodity Futures Trading Commission,2018,310043029.43,NULL,NULL
Commodity Futures Trading Commission,2019,268029494.90,310043029.43,-0.135508
Commodity Futures Trading Commission,2020,296591524.12,268029494.90,0.106563
Commodity Futures Trading Commission,2021,303467594.81,296591524.12,0.023183
Commodity Futures Trading Commission,2022,511348819.17,303467594.81,0.685019
Commodity Futures Trading Commission,2023,356004046.82,511348819.17,-0.303794
Commodity Futures Trading Commission,2024,429495668.68,356004046.82,0.206434
Commodity Futures Trading Commission,2025,365969179.87,429495668.68,-0.147909
Consumer Financial Protection Bureau,2018,661383969.15,NULL,NULL
Consumer Financial Protection Bureau,2019,511669057.22,661383969.15,-0.226366
Consumer Financial Protection Bureau,2020,560010526.08,511669057.22,0.094477
Consumer Financial Protection Bureau,2021,699617210.12,560010526.08,0.249292
Consumer Financial Protection Bureau,2022,727251054.18,699617210.12,0.039498
Consumer Financial Protection Bureau,2023,836937071.26,727251054.18,0.150822
Consumer Financial Protection Bureau,2024,1478359909.66,836937071.26,0.766393
Consumer Financial Protection Bureau,2025,2582561302.33,1478359909.66,0.746909
Consumer Product Safety Commission,2018,129130312.17,NULL,NULL
Consumer Product Safety Commission,2019,130812617.44,129130312.17,0.013027
Consumer Product Safety Commission,2020,134554672.13,130812617.44,0.028606
Consumer Product Safety Commission,2021,142993123.45,134554672.13,0.062713
Consumer Product Safety Commission,2022,161242749.44,142993123.45,0.127625
Consumer Product Safety Commission,2023,173445056.13,161242749.44,0.075676
Consumer Product Safety Commission,2024,167067920.21,173445056.13,-0.036767
Consumer Product Safety Commission,2025,152039604.66,167067920.21,-0.089953
Corporation for National and Community Service,2018,1311442010.84,NULL,NULL
Corporation for National and Community Service,2019,1362008579.69,1311442010.84,0.038557
Corporation for National and Community Service,2020,1220450660.28,1362008579.69,-0.103933
Corporation for National and Community Service,2021,1548278400.26,1220450660.28,0.268612
Corporation for National and Community Service,2022,2092897732.61,1548278400.26,0.351758
Corporation for National and Community Service,2023,2023554264.91,2092897732.61,-0.033132
Corporation for National and Community Service,2024,1558432116.09,2023554264.91,-0.229854
Corporation for National and Community Service,2025,1628697960.11,1558432116.09,0.045087
Corps of Engineers - Civil Works,2018,26876614245.40,NULL,NULL
Corps of Engineers - Civil Works,2019,24533474722.84,26876614245.40,-0.087181
Corps of Engineers - Civil Works,2020,25545646250.24,24533474722.84,0.041256
Corps of Engineers - Civil Works,2021,24480689354.40,25545646250.24,-0.041688
Corps of Engineers - Civil Works,2022,27393004702.86,24480689354.40,0.118963
Corps of Engineers - Civil Works,2023,30957929640.42,27393004702.86,0.130139
Corps of Engineers - Civil Works,2024,34001004243.90,30957929640.42,0.098297
Corps of Engineers - Civil Works,2025,35302736346.35,34001004243.90,0.038285
Council of the Inspectors General on Integrity and Efficiency,2018,9050273.26,NULL,NULL
Council of the Inspectors General on Integrity and Efficiency,2019,10321385.66,9050273.26,0.140450
Council of the Inspectors General on Integrity and Efficiency,2020,17835723.24,10321385.66,0.728035
Council of the Inspectors General on Integrity and Efficiency,2021,15510748.20,17835723.24,-0.130354
Council of the Inspectors General on Integrity and Efficiency,2022,47439902.15,15510748.20,2.058517
Council of the Inspectors General on Integrity and Efficiency,2023,46046561.38,47439902.15,-0.029370
Council of the Inspectors General on Integrity and Efficiency,2024,36180067.49,46046561.38,-0.214272
Council of the Inspectors General on Integrity and Efficiency,2025,32574004.30,36180067.49,-0.099669
Court Services and Offender Supervision Agency,2018,244302735.10,NULL,NULL
Court Services and Offender Supervision Agency,2019,242801014.03,244302735.10,-0.006146
Court Services and Offender Supervision Agency,2020,244329824.48,242801014.03,0.006296
Court Services and Offender Supervision Agency,2021,244452661.53,244329824.48,0.000502
Court Services and Offender Supervision Agency,2022,260953225.42,244452661.53,0.067500
Court Services and Offender Supervision Agency,2023,274905483.89,260953225.42,0.053466
Court Services and Offender Supervision Agency,2024,299976494.60,274905483.89,0.091198
Court Services and Offender Supervision Agency,2025,281968178.49,299976494.60,-0.060032
Defense Nuclear Facilities Safety Board,2018,28402701.82,NULL,NULL
Defense Nuclear Facilities Safety Board,2019,26558533.75,28402701.82,-0.064929
Defense Nuclear Facilities Safety Board,2020,22925791.88,26558533.75,-0.136782
Defense Nuclear Facilities Safety Board,2021,36721554.54,22925791.88,0.601757
Defense Nuclear Facilities Safety Board,2022,38575519.93,36721554.54,0.050487
Defense Nuclear Facilities Safety Board,2023,40134585.09,38575519.93,0.040415
Defense Nuclear Facilities Safety Board,2024,44185130.86,40134585.09,0.100924
Defense Nuclear Facilities Safety Board,2025,42587519.71,44185130.86,-0.036157
Delta Regional Authority,2018,7691321.00,NULL,NULL
Delta Regional Authority,2019,22231776.14,7691321.00,1.890501
Delta Regional Authority,2020,35291561.43,22231776.14,0.587437
Delta Regional Authority,2021,4055534.83,35291561.43,-0.885084
Delta Regional Authority,2022,65030224.00,4055534.83,15.034931
Delta Regional Authority,2023,73402396.07,65030224.00,0.128742
Delta Regional Authority,2024,65240582.54,73402396.07,-0.111192
Delta Regional Authority,2025,108247981.20,65240582.54,0.659212
Denali Commission,2018,51039131.39,NULL,NULL
Denali Commission,2019,33045999.98,51039131.39,-0.352536
Denali Commission,2020,36879993.30,33045999.98,0.116019
Denali Commission,2021,26208151.41,36879993.30,-0.289366
Denali Commission,2022,42928816.68,26208151.41,0.637994
Denali Commission,2023,57458588.20,42928816.68,0.338461
Denali Commission,2024,107537623.53,57458588.20,0.871567
Denali Commission,2025,220080708.68,107537623.53,1.046546
Department of Agriculture,2018,183549040915.82,NULL,NULL
Department of Agriculture,2019,204692683254.95,183549040915.82,0.115193
Department of Agriculture,2020,290656732311.30,204692683254.95,0.419966
Department of Agriculture,2021,260036840187.43,290656732311.30,-0.105347
Department of Agriculture,2022,286908446288.40,260036840187.43,0.103337
Department of Agriculture,2023,296599267877.18,286908446288.40,0.033776
Department of Agriculture,2024,253918299873.67,296599267877.18,-0.143901
Department of Agriculture,2025,276630012349.95,253918299873.67,0.089444
Department of Commerce,2018,21840165931.75,NULL,NULL
Department of Commerce,2019,17824854812.79,21840165931.75,-0.183849
Department of Commerce,2020,21930304603.47,17824854812.79,0.230321
Department of Commerce,2021,18409239008.62,21930304603.47,-0.160557
Department of Commerce,2022,21690366412.92,18409239008.62,0.178232
Department of Commerce,2023,22132409140.55,21690366412.92,0.020379
Department of Commerce,2024,48359771966.17,22132409140.55,1.185020
Department of Commerce,2025,71825784798.61,48359771966.17,0.485238
Department of Defense,2018,1092438524753.46,NULL,NULL
Department of Defense,2019,1154860031199.99,1092438524753.46,0.057139
Department of Defense,2020,1130135336028.02,1154860031199.99,-0.021409
Department of Defense,2021,1146962263260.70,1130135336028.02,0.014889
Department of Defense,2022,1189944864054.66,1146962263260.70,0.037475
Department of Defense,2023,1330544104855.49,1189944864054.66,0.118156
Department of Defense,2024,1393415222232.11,1330544104855.49,0.047252
Department of Defense,2025,1451320548889.53,1393415222232.11,0.041556
Department of Education,2018,95226038979.19,NULL,NULL
Department of Education,2019,120398801101.04,95226038979.19,0.264347
Department of Education,2020,242593520560.57,120398801101.04,1.014916
Department of Education,2021,457228091743.33,242593520560.57,0.884749
Department of Education,2022,614723723752.84,457228091743.33,0.344457
Department of Education,2023,254914423992.33,614723723752.84,-0.585318
Department of Education,2024,228967463538.80,254914423992.33,-0.101786
Department of Education,2025,179690157931.34,228967463538.80,-0.215215
Department of Energy,2018,45120566097.96,NULL,NULL
Department of Energy,2019,47450430947.59,45120566097.96,0.051636
Department of Energy,2020,49399354932.76,47450430947.59,0.041072
Department of Energy,2021,53181045675.68,49399354932.76,0.076553
Department of Energy,2022,58269151692.00,53181045675.68,0.095675
Department of Energy,2023,71587391243.03,58269151692.00,0.228564
Department of Energy,2024,81727665979.08,71587391243.03,0.141648
Department of Energy,2025,98524875710.33,81727665979.08,0.205526
Department of Health and Human Services,2018,1679128003253.74,NULL,NULL
Department of Health and Human Services,2019,1814270463757.37,1679128003253.74,0.080483
Department of Health and Human Services,2020,2198882208891.79,1814270463757.37,0.211992
Department of Health and Human Services,2021,2355524286884.46,2198882208891.79,0.071237
Department of Health and Human Services,2022,2452969781323.39,2355524286884.46,0.041368
Department of Health and Human Services,2023,2475673980552.70,2452969781323.39,0.009255
Department of Health and Human Services,2024,2518647728970.53,2475673980552.70,0.017358
Department of Health and Human Services,2025,2794349803088.60,2518647728970.53,0.109464
Department of Homeland Security,2018,106886283226.15,NULL,NULL
Department of Homeland Security,2019,91630525352.50,106886283226.15,-0.142728
Department of Homeland Security,2020,160365575018.45,91630525352.50,0.750132
Department of Homeland Security,2021,142035912465.86,160365575018.45,-0.114299
Department of Homeland Security,2022,133188239439.91,142035912465.86,-0.062291
Department of Homeland Security,2023,133715424269.44,133188239439.91,0.003958
Department of Homeland Security,2024,140625065483.12,133715424269.44,0.051674
Department of Homeland Security,2025,171203552614.18,140625065483.12,0.217446
Department of Housing and Urban Development,2018,76622972278.59,NULL,NULL
Department of Housing and Urban Development,2019,62652912069.06,76622972278.59,-0.182322
Department of Housing and Urban Development,2020,69311072480.40,62652912069.06,0.106270
Department of Housing and Urban Development,2021,104346638883.86,69311072480.40,0.505482
Department of Housing and Urban Development,2022,67821356273.56,104346638883.86,-0.350037
Department of Housing and Urban Development,2023,84501344517.92,67821356273.56,0.245940
Department of Housing and Urban Development,2024,88290176520.45,84501344517.92,0.044837
Department of Housing and Urban Development,2025,90532059832.78,88290176520.45,0.025392
Department of Justice,2018,39970356916.65,NULL,NULL
Department of Justice,2019,42341175319.89,39970356916.65,0.059314
Department of Justice,2020,47420465932.45,42341175319.89,0.119961
Department of Justice,2021,44310527077.80,47420465932.45,-0.065582
Department of Justice,2022,49684118644.77,44310527077.80,0.121271
Department of Justice,2023,55576215204.85,49684118644.77,0.118591
Department of Justice,2024,52006258903.46,55576215204.85,-0.064235
Department of Justice,2025,50454183477.60,52006258903.46,-0.029844
Department of Labor,2018,50250923527.15,NULL,NULL
Department of Labor,2019,49536149169.89,50250923527.15,-0.014224
Department of Labor,2020,600858842745.78,49536149169.89,11.129704
Department of Labor,2021,648613298350.79,600858842745.78,0.079476
Department of Labor,2022,65773609001.20,648613298350.79,-0.898593
Department of Labor,2023,58389543480.57,65773609001.20,-0.112264
Department of Labor,2024,66293329420.52,58389543480.57,0.135363
Department of Labor,2025,70577614918.43,66293329420.52,0.064626
Department of State,2018,42993490049.64,NULL,NULL
Department of State,2019,43623907071.05,42993490049.64,0.014663
Department of State,2020,49143222395.20,43623907071.05,0.126520
Department of State,2021,50699901063.20,49143222395.20,0.031676
Department of State,2022,52914166204.50,50699901063.20,0.043673
Department of State,2023,51730909372.99,52914166204.50,-0.022361
Department of State,2024,57575147990.63,51730909372.99,0.112973
Department of State,2025,44468610026.04,57575147990.63,-0.227642
Department of the Interior,2018,26344299309.44,NULL,NULL
Department of the Interior,2019,26718979631.25,26344299309.44,0.014222
Department of the Interior,2020,29600486686.93,26718979631.25,0.107844
Department of the Interior,2021,30724549129.13,29600486686.93,0.037974
Department of the Interior,2022,37607979087.31,30724549129.13,0.224036
Department of the Interior,2023,43363738981.79,37607979087.31,0.153046
Department of the Interior,2024,44421920769.18,43363738981.79,0.024402
Department of the Interior,2025,42848868679.89,44421920769.18,-0.035411
Department of the Treasury,2018,1041301338675.78,NULL,NULL
Department of the Treasury,2019,1078327377672.54,1041301338675.78,0.035557
Department of the Treasury,2020,1566561954994.18,1078327377672.54,0.452770
Department of the Treasury,2021,2188984081298.11,1566561954994.18,0.397317
Department of the Treasury,2022,1451623206993.42,2188984081298.11,-0.336850
Department of the Treasury,2023,1644766940269.75,1451623206993.42,0.133053
Department of the Treasury,2024,1773034280269.05,1644766940269.75,0.077985
Department of the Treasury,2025,1953689394142.66,1773034280269.05,0.101890
Department of Transportation,2018,96155238475.04,NULL,NULL
Department of Transportation,2019,98873363842.31,96155238475.04,0.028268
Department of Transportation,2020,147409620706.53,98873363842.31,0.490893
Department of Transportation,2021,165258604935.80,147409620706.53,0.121084
Department of Transportation,2022,268942277594.34,165258604935.80,0.627402
Department of Transportation,2023,139004427069.39,268942277594.34,-0.483144
Department of Transportation,2024,152430343361.42,139004427069.39,0.096586
Department of Transportation,2025,169614068976.54,152430343361.42,0.112731
Department of Veterans Affairs,2018,204818097977.83,NULL,NULL
Department of Veterans Affairs,2019,216784441071.28,204818097977.83,0.058424
Department of Veterans Affairs,2020,244599441165.43,216784441071.28,0.128307
Department of Veterans Affairs,2021,256898873597.48,244599441165.43,0.050283
Department of Veterans Affairs,2022,283486478580.60,256898873597.48,0.103494
Department of Veterans Affairs,2023,324410305628.40,283486478580.60,0.144359
Department of Veterans Affairs,2024,367899875444.21,324410305628.40,0.134057
Department of Veterans Affairs,2025,412393503627.75,367899875444.21,0.120939
District of Columbia Courts,2018,336674464.10,NULL,NULL
District of Columbia Courts,2019,329580962.10,336674464.10,-0.021069
District of Columbia Courts,2020,316163162.06,329580962.10,-0.040711
District of Columbia Courts,2021,301099847.48,316163162.06,-0.047644
District of Columbia Courts,2022,309891140.72,301099847.48,0.029197
District of Columbia Courts,2023,315366026.12,309891140.72,0.017667
District of Columbia Courts,2024,357759443.13,315366026.12,0.134426
District of Columbia Courts,2025,362748446.19,357759443.13,0.013945
Election Assistance Commission,2018,388256900.34,NULL,NULL
Election Assistance Commission,2019,7824215.77,388256900.34,-0.979847
Election Assistance Commission,2020,837750199.62,7824215.77,106.071459
Election Assistance Commission,2021,16663705.27,837750199.62,-0.980108
Election Assistance Commission,2022,152042811.25,16663705.27,8.124189
Election Assistance Commission,2023,108862442.60,152042811.25,-0.284001
Election Assistance Commission,2024,84179131.85,108862442.60,-0.226738
Election Assistance Commission,2025,42380998.93,84179131.85,-0.496537
Environmental Protection Agency,2018,10823836673.15,NULL,NULL
Environmental Protection Agency,2019,10613224996.13,10823836673.15,-0.019458
Environmental Protection Agency,2020,11304379833.30,10613224996.13,0.065122
Environmental Protection Agency,2021,11868808702.06,11304379833.30,0.049930
Environmental Protection Agency,2022,19513329825.30,11868808702.06,0.644084
Environmental Protection Agency,2023,23652538067.59,19513329825.30,0.212122
Environmental Protection Agency,2024,54387821470.26,23652538067.59,1.299449
Environmental Protection Agency,2025,34262577412.72,54387821470.26,-0.370032
Equal Employment Opportunity Commission,2018,385118788.40,NULL,NULL
Equal Employment Opportunity Commission,2019,385563949.01,385118788.40,0.001155
Equal Employment Opportunity Commission,2020,398101696.19,385563949.01,0.032517
Equal Employment Opportunity Commission,2021,408365848.71,398101696.19,0.025782
Equal Employment Opportunity Commission,2022,433301702.20,408365848.71,0.061062
Equal Employment Opportunity Commission,2023,459113664.74,433301702.20,0.059570
Equal Employment Opportunity Commission,2024,461214151.54,459113664.74,0.004575
Equal Employment Opportunity Commission,2025,458978768.26,461214151.54,-0.004846
Executive Office of the President,2018,801453622.88,NULL,NULL
Executive Office of the President,2019,850467072.60,801453622.88,0.061155
Executive Office of the President,2020,895223470.17,850467072.60,0.052625
Executive Office of the President,2021,932834014.13,895223470.17,0.042012
Executive Office of the President,2022,972721157.12,932834014.13,0.042759
Executive Office of the President,2023,1056279811.81,972721157.12,0.085901
Executive Office of the President,2024,1179956473.79,1056279811.81,0.117087
Executive Office of the President,2025,1083639268.25,1179956473.79,-0.081627
Export-Import Bank of the United States,2018,781867699.43,NULL,NULL
Export-Import Bank of the United States,2019,649222721.62,781867699.43,-0.169651
Export-Import Bank of the United States,2020,208004985.47,649222721.62,-0.679609
Export-Import Bank of the United States,2021,858745789.98,208004985.47,3.128486
Export-Import Bank of the United States,2022,441247396.26,858745789.98,-0.486172
Export-Import Bank of the United States,2023,326267326.55,441247396.26,-0.260579
Export-Import Bank of the United States,2024,243835967.13,326267326.55,-0.252649
Export-Import Bank of the United States,2025,261239723.31,243835967.13,0.071374
Farm Credit System Insurance Corporation,2018,179796761.25,NULL,NULL
Farm Credit System Insurance Corporation,2019,70085000.99,179796761.25,-0.610198
Farm Credit System Insurance Corporation,2020,67145786.67,70085000.99,-0.041937
Farm Credit System Insurance Corporation,2021,4499350.33,67145786.67,-0.932991
Farm Credit System Insurance Corporation,2022,5027666.75,4499350.33,0.117420
Farm Credit System Insurance Corporation,2023,5088439.15,5027666.75,0.012087
Farm Credit System Insurance Corporation,2024,128165652.50,5088439.15,24.187616
Farm Credit System Insurance Corporation,2025,82011373.51,128165652.50,-0.360114
Federal Communications Commission,2018,11059379321.21,NULL,NULL
Federal Communications Commission,2019,16199733234.13,11059379321.21,0.464795
Federal Communications Commission,2020,9316144410.95,16199733234.13,-0.424919
Federal Communications Commission,2021,13271003291.52,9316144410.95,0.424516
Federal Communications Commission,2022,24850873568.37,13271003291.52,0.872569
Federal Communications Commission,2023,17181021504.10,24850873568.37,-0.308635
Federal Communications Commission,2024,32495294443.84,17181021504.10,0.891348
Federal Communications Commission,2025,11707138116.59,32495294443.84,-0.639728
Federal Deposit Insurance Corporation,2018,2012726421.59,NULL,NULL
Federal Deposit Insurance Corporation,2019,1899309669.29,2012726421.59,-0.056349
Federal Deposit Insurance Corporation,2020,2209270753.22,1899309669.29,0.163196
Federal Deposit Insurance Corporation,2021,2027962913.10,2209270753.22,-0.082066
Federal Deposit Insurance Corporation,2022,1865204486.52,2027962913.10,-0.080257
Federal Deposit Insurance Corporation,2023,144949378868.08,1865204486.52,76.712325
Federal Deposit Insurance Corporation,2024,71577874701.75,144949378868.08,-0.506187
Federal Deposit Insurance Corporation,2025,5110573076.79,71577874701.75,-0.928601
Federal Election Commission,2018,74770608.69,NULL,NULL
Federal Election Commission,2019,69232534.06,74770608.69,-0.074067
Federal Election Commission,2020,8404371498.48,69232534.06,120.393382
Federal Election Commission,2021,89365527.82,8404371498.48,-0.989366
Federal Election Commission,2022,74592401.94,89365527.82,-0.165311
Federal Election Commission,2023,81858499.22,74592401.94,0.097410
Federal Election Commission,2024,82539929.30,81858499.22,0.008324
Federal Election Commission,2025,83334387.34,82539929.30,0.009625
Federal Financial Institutions Examination Council,2019,3750146.01,NULL,NULL
Federal Financial Institutions Examination Council,2020,3836180.51,3750146.01,0.022941
Federal Financial Institutions Examination Council,2021,3198942.26,3836180.51,-0.166112
Federal Financial Institutions Examination Council,2022,6244913.52,3198942.26,0.952180
Federal Financial Institutions Examination Council,2023,6303128.02,6244913.52,0.009321
Federal Financial Institutions Examination Council,2024,6935254.24,6303128.02,0.100287
Federal Labor Relations Authority,2018,26408865.28,NULL,NULL
Federal Labor Relations Authority,2019,26386975.00,26408865.28,-0.000828
Federal Labor Relations Authority,2020,25108102.53,26386975.00,-0.048466
Federal Labor Relations Authority,2021,27621040.16,25108102.53,0.100084
Federal Labor Relations Authority,2022,27888159.29,27621040.16,0.009670
Federal Labor Relations Authority,2023,30556573.84,27888159.29,0.095682
Federal Labor Relations Authority,2024,30849329.36,30556573.84,0.009580
Federal Labor Relations Authority,2025,29478562.36,30849329.36,-0.044434
Federal Maritime Commission,2018,27138443.48,NULL,NULL
Federal Maritime Commission,2019,27339179.35,27138443.48,0.007396
Federal Maritime Commission,2020,27584163.58,27339179.35,0.008960
Federal Maritime Commission,2021,30247419.17,27584163.58,0.096550
Federal Maritime Commission,2022,32899803.27,30247419.17,0.087689
Federal Maritime Commission,2023,38585900.53,32899803.27,0.172830
Federal Maritime Commission,2024,39489665.83,38585900.53,0.023422
Federal Maritime Commission,2025,39295602.34,39489665.83,-0.004914
Federal Mediation and Conciliation Service,2018,56731391.66,NULL,NULL
Federal Mediation and Conciliation Service,2019,56013694.56,56731391.66,-0.012650
Federal Mediation and Conciliation Service,2020,49215749.04,56013694.56,-0.121362
Federal Mediation and Conciliation Service,2021,48502747.22,49215749.04,-0.014487
Federal Mediation and Conciliation Service,2022,49457817.44,48502747.22,0.019691
Federal Mediation and Conciliation Service,2023,55185450.80,49457817.44,0.115808
Federal Mediation and Conciliation Service,2024,56187993.41,55185450.80,0.018166
Federal Mediation and Conciliation Service,2025,49159149.34,56187993.41,-0.125095
Federal Mine Safety and Health Review Commission,2018,16397882.38,NULL,NULL
Federal Mine Safety and Health Review Commission,2019,15194015.35,16397882.38,-0.073416
Federal Mine Safety and Health Review Commission,2020,16793703.75,15194015.35,0.105284
Federal Mine Safety and Health Review Commission,2021,17095613.77,16793703.75,0.017977
Federal Mine Safety and Health Review Commission,2022,15810391.25,17095613.77,-0.075178
Federal Mine Safety and Health Review Commission,2023,16199027.14,15810391.25,0.024581
Federal Mine Safety and Health Review Commission,2024,17406980.55,16199027.14,0.074569
Federal Mine Safety and Health Review Commission,2025,17548515.24,17406980.55,0.008130
Federal Permitting Improvement Steering Council,2020,6128218.71,NULL,NULL
Federal Permitting Improvement Steering Council,2021,8239717.60,6128218.71,0.344553
Federal Permitting Improvement Steering Council,2022,7675091.07,8239717.60,-0.068524
Federal Permitting Improvement Steering Council,2023,24116460.39,7675091.07,2.142172
Federal Permitting Improvement Steering Council,2024,119063432.87,24116460.39,3.937019
Federal Permitting Improvement Steering Council,2025,82234873.62,119063432.87,-0.309318
Federal Trade Commission,2018,326237902.81,NULL,NULL
Federal Trade Commission,2019,331002455.85,326237902.81,0.014604
Federal Trade Commission,2020,349379734.28,331002455.85,0.055520
Federal Trade Commission,2021,351526386.53,349379734.28,0.006144
Federal Trade Commission,2022,370345949.68,351526386.53,0.053536
Federal Trade Commission,2023,427448856.43,370345949.68,0.154188
Federal Trade Commission,2024,454013964.80,427448856.43,0.062148
Federal Trade Commission,2025,427973866.72,454013964.80,-0.057355
General Services Administration,2018,27223613181.69,NULL,NULL
General Services Administration,2019,29695947736.84,27223613181.69,0.090815
General Services Administration,2020,49721015882.86,29695947736.84,0.674336
General Services Administration,2021,34024674349.58,49721015882.86,-0.315688
General Services Administration,2022,36042223039.07,34024674349.58,0.059296
General Services Administration,2023,40452659305.84,36042223039.07,0.122368
General Services Administration,2024,43912595486.68,40452659305.84,0.085530
General Services Administration,2025,41896513755.49,43912595486.68,-0.045911
Government Accountability Office,2018,609666549.93,NULL,NULL
Government Accountability Office,2019,642242633.49,609666549.93,0.053432
Government Accountability Office,2020,663423914.60,642242633.49,0.032980
Government Accountability Office,2021,722220775.57,663423914.60,0.088626
Government Accountability Office,2022,760352066.33,722220775.57,0.052797
Government Accountability Office,2023,839611011.42,760352066.33,0.104239
Government Accountability Office,2024,902447241.83,839611011.42,0.074839
Government Accountability Office,2025,943770259.66,902447241.83,0.045789
Gulf Coast Ecosystem Restoration Council,2018,94034301.09,NULL,NULL
Gulf Coast Ecosystem Restoration Council,2019,57773584.53,94034301.09,-0.385611
Gulf Coast Ecosystem Restoration Council,2020,152348203.08,57773584.53,1.636987
Gulf Coast Ecosystem Restoration Council,2021,120815941.10,152348203.08,-0.206974
Gulf Coast Ecosystem Restoration Council,2022,160799964.75,120815941.10,0.330949
Gulf Coast Ecosystem Restoration Council,2023,260784024.13,160799964.75,0.621791
Gulf Coast Ecosystem Restoration Council,2024,249755205.36,260784024.13,-0.042291
Gulf Coast Ecosystem Restoration Council,2025,196956121.36,249755205.36,-0.211403
Harry S Truman Scholarship Foundation,2018,3805359.80,NULL,NULL
Harry S Truman Scholarship Foundation,2019,3387127.47,3805359.80,-0.109906
Harry S Truman Scholarship Foundation,2020,3904237.16,3387127.47,0.152669
Harry S Truman Scholarship Foundation,2021,2647903.60,3904237.16,-0.321787
Harry S Truman Scholarship Foundation,2022,4873952.94,2647903.60,0.840683
Harry S Truman Scholarship Foundation,2023,5504084.40,4873952.94,0.129285
Harry S Truman Scholarship Foundation,2024,5323775.77,5504084.40,-0.032759
Harry S Truman Scholarship Foundation,2025,6095709.81,5323775.77,0.144997
Institute of Museum and Library Services,2018,242665810.14,NULL,NULL
Institute of Museum and Library Services,2019,246362267.52,242665810.14,0.015232
Institute of Museum and Library Services,2020,303439448.63,246362267.52,0.231679
Institute of Museum and Library Services,2021,451772297.29,303439448.63,0.488838
Institute of Museum and Library Services,2022,291387350.63,451772297.29,-0.355012
Institute of Museum and Library Services,2023,303190626.62,291387350.63,0.040507
Institute of Museum and Library Services,2024,304306832.59,303190626.62,0.003681
Institute of Museum and Library Services,2025,294970942.46,304306832.59,-0.030679
Inter-American Foundation,2018,31731758.77,NULL,NULL
Inter-American Foundation,2019,31868459.29,31731758.77,0.004308
Inter-American Foundation,2020,44718998.55,31868459.29,0.403236
Inter-American Foundation,2021,46154158.78,44718998.55,0.032092
Inter-American Foundation,2022,44798793.00,46154158.78,-0.029366
Inter-American Foundation,2023,51834618.24,44798793.00,0.157053
Inter-American Foundation,2024,45830410.48,51834618.24,-0.115833
Inter-American Foundation,2025,18140283.73,45830410.48,-0.604186
International Trade Commission,2018,95445914.52,NULL,NULL
International Trade Commission,2019,103815828.47,95445914.52,0.087692
International Trade Commission,2020,102176578.64,103815828.47,-0.015789
International Trade Commission,2021,104693496.63,102176578.64,0.024633
International Trade Commission,2022,108600253.01,104693496.63,0.037316
International Trade Commission,2023,115149080.25,108600253.01,0.060302
International Trade Commission,2024,129558112.91,115149080.25,0.125133
International Trade Commission,2025,129667558.27,129558112.91,0.000844
James Madison Memorial Fellowship Foundation,2018,2101708.71,NULL,NULL
James Madison Memorial Fellowship Foundation,2019,2192311.75,2101708.71,0.043109
James Madison Memorial Fellowship Foundation,2020,2349334.01,2192311.75,0.071624
James Madison Memorial Fellowship Foundation,2021,2370708.54,2349334.01,0.009098
James Madison Memorial Fellowship Foundation,2022,2937477.63,2370708.54,0.239071
James Madison Memorial Fellowship Foundation,2023,2936359.26,2937477.63,-0.000380
James Madison Memorial Fellowship Foundation,2024,2685729.28,2936359.26,-0.085353
James Madison Memorial Fellowship Foundation,2025,2640416.62,2685729.28,-0.016871
Japan-United States Friendship Commission,2018,3789448.49,NULL,NULL
Japan-United States Friendship Commission,2019,2625347.24,3789448.49,-0.307195
Japan-United States Friendship Commission,2020,2710634.86,2625347.24,0.032486
Japan-United States Friendship Commission,2021,1214027.11,2710634.86,-0.552124
Japan-United States Friendship Commission,2022,2031729.66,1214027.11,0.673545
Japan-United States Friendship Commission,2023,2526805.09,2031729.66,0.243671
Japan-United States Friendship Commission,2024,2377314.34,2526805.09,-0.059161
Japan-United States Friendship Commission,2025,2623117.77,2377314.34,0.103395
John F. Kennedy Center for the Performing Arts,2018,56277873.70,NULL,NULL
John F. Kennedy Center for the Performing Arts,2019,36394154.02,56277873.70,-0.353313
John F. Kennedy Center for the Performing Arts,2020,57342156.44,36394154.02,0.575587
John F. Kennedy Center for the Performing Arts,2021,3549421.76,57342156.44,-0.938101
John F. Kennedy Center for the Performing Arts,2022,46263914.01,3549421.76,12.034211
Marine Mammal Commission,2018,3564701.66,NULL,NULL
Marine Mammal Commission,2019,3484124.34,3564701.66,-0.022604
Marine Mammal Commission,2020,3552991.72,3484124.34,0.019766
Marine Mammal Commission,2021,2977694.74,3552991.72,-0.161919
Marine Mammal Commission,2022,3892159.32,2977694.74,0.307104
Marine Mammal Commission,2023,4249629.61,3892159.32,0.091843
Marine Mammal Commission,2024,4385058.88,4249629.61,0.031868
Marine Mammal Commission,2025,3999099.80,4385058.88,-0.088016
Merit Systems Protection Board,2018,46320572.25,NULL,NULL
Merit Systems Protection Board,2019,47982558.71,46320572.25,0.035880
Merit Systems Protection Board,2020,46383252.00,47982558.71,-0.033331
Merit Systems Protection Board,2021,46818542.74,46383252.00,0.009384
Merit Systems Protection Board,2022,50230932.31,46818542.74,0.072885
Merit Systems Protection Board,2023,52206227.40,50230932.31,0.039324
Merit Systems Protection Board,2024,52280029.48,52206227.40,0.001413
Merit Systems Protection Board,2025,51024006.35,52280029.48,-0.024024
Millennium Challenge Corporation,2018,704347221.56,NULL,NULL
Millennium Challenge Corporation,2019,737659494.32,704347221.56,0.047295
Millennium Challenge Corporation,2020,248986722.55,737659494.32,-0.662463
Millennium Challenge Corporation,2021,1097307444.54,248986722.55,3.407092
Millennium Challenge Corporation,2022,433999166.20,1097307444.54,-0.604487
Millennium Challenge Corporation,2023,839474640.15,433999166.20,0.934277
Millennium Challenge Corporation,2024,1770752030.74,839474640.15,1.109357
Millennium Challenge Corporation,2025,487931638.23,1770752030.74,-0.724449
Morris K. Udall and Stewart L. Udall Foundation,2018,11384070.40,NULL,NULL
Morris K. Udall and Stewart L. Udall Foundation,2019,9655852.20,11384070.40,-0.151810
Morris K. Udall and Stewart L. Udall Foundation,2020,7677669.36,9655852.20,-0.204868
Morris K. Udall and Stewart L. Udall Foundation,2021,696389.72,7677669.36,-0.909296
Morris K. Udall and Stewart L. Udall Foundation,2022,3017386.48,696389.72,3.332899
Morris K. Udall and Stewart L. Udall Foundation,2023,12218390.90,3017386.48,3.049329
Morris K. Udall and Stewart L. Udall Foundation,2024,13215053.95,12218390.90,0.081570
Morris K. Udall and Stewart L. Udall Foundation,2025,11466700.50,13215053.95,-0.132300
National Aeronautics and Space Administration,2018,23374772397.04,NULL,NULL
National Aeronautics and Space Administration,2019,23970779821.76,23374772397.04,0.025497
National Aeronautics and Space Administration,2020,25270913534.38,23970779821.76,0.054238
National Aeronautics and Space Administration,2021,25239918110.98,25270913534.38,-0.001226
National Aeronautics and Space Administration,2022,26555359474.73,25239918110.98,0.052117
National Aeronautics and Space Administration,2023,28276054721.70,26555359474.73,0.064796
National Aeronautics and Space Administration,2024,27170027696.15,28276054721.70,-0.039115
National Aeronautics and Space Administration,2025,28773421746.59,27170027696.15,0.059013
National Archives and Records Administration,2018,618242891.29,NULL,NULL
National Archives and Records Administration,2019,606744019.88,618242891.29,-0.018599
National Archives and Records Administration,2020,576919129.13,606744019.88,-0.049155
National Archives and Records Administration,2021,594516970.55,576919129.13,0.030503
National Archives and Records Administration,2022,652875901.08,594516970.55,0.098161
National Archives and Records Administration,2023,757424621.52,652875901.08,0.160135
National Archives and Records Administration,2024,791203304.57,757424621.52,0.044596
National Archives and Records Administration,2025,747214997.43,791203304.57,-0.055596
National Capital Planning Commission,2018,0.00,NULL,NULL
National Capital Planning Commission,2019,8180385.89,0.00,NULL
National Capital Planning Commission,2020,8146283.94,8180385.89,-0.004168
National Capital Planning Commission,2021,8351628.80,8146283.94,0.025207
National Capital Planning Commission,2022,8554970.17,8351628.80,0.024347
National Capital Planning Commission,2023,8909444.55,8554970.17,0.041434
National Capital Planning Commission,2024,9899703.23,8909444.55,0.111147
National Capital Planning Commission,2025,12378944.74,9899703.23,0.250435
National Council on Disability,2018,3229462.87,NULL,NULL
National Council on Disability,2019,3270367.01,3229462.87,0.012665
National Council on Disability,2020,3396964.93,3270367.01,0.038710
National Council on Disability,2021,3079832.10,3396964.93,-0.093357
National Credit Union Administration,2018,2600116.93,NULL,NULL
National Credit Union Administration,2019,4927568.85,2600116.93,0.895133
National Credit Union Administration,2020,4844082.55,4927568.85,-0.016942
National Credit Union Administration,2021,2088207.33,4844082.55,-0.568915
National Credit Union Administration,2022,2210943.50,2088207.33,0.058775
National Credit Union Administration,2023,4936854.11,2210943.50,1.232917
National Credit Union Administration,2024,5092568.84,4936854.11,0.031541
National Credit Union Administration,2025,1956489.28,5092568.84,-0.615814
National Endowment for the Arts,2018,153804138.68,NULL,NULL
National Endowment for the Arts,2019,157524091.19,153804138.68,0.024186
National Endowment for the Arts,2020,242006598.29,157524091.19,0.536314
National Endowment for the Arts,2021,221156393.99,242006598.29,-0.086155
National Endowment for the Arts,2022,261051350.58,221156393.99,0.180392
National Endowment for the Arts,2023,201739939.56,261051350.58,-0.227202
National Endowment for the Arts,2024,207788143.93,201739939.56,0.029980
National Endowment for the Arts,2025,176960854.01,207788143.93,-0.148359
National Endowment for the Humanities,2018,143927473.76,NULL,NULL
National Endowment for the Humanities,2019,156013291.10,143927473.76,0.083971
National Endowment for the Humanities,2020,230411617.39,156013291.10,0.476871
National Endowment for the Humanities,2021,251345592.04,230411617.39,0.090854
National Endowment for the Humanities,2022,233112784.02,251345592.04,-0.072540
National Endowment for the Humanities,2023,217355437.25,233112784.02,-0.067595
National Endowment for the Humanities,2024,210590472.39,217355437.25,-0.031123
National Endowment for the Humanities,2025,109789564.89,210590472.39,-0.478658
National Labor Relations Board,2019,269316861.43,NULL,NULL
National Labor Relations Board,2020,275942579.09,269316861.43,0.024601
National Labor Relations Board,2021,274420560.96,275942579.09,-0.005515
National Labor Relations Board,2022,275154469.87,274420560.96,0.002674
National Labor Relations Board,2023,299428799.35,275154469.87,0.088220
National Labor Relations Board,2024,304672224.49,299428799.35,0.017511
National Labor Relations Board,2025,306857241.42,304672224.49,0.007171
National Mediation Board,2018,11804437.76,NULL,NULL
National Mediation Board,2019,12866141.62,11804437.76,0.089941
National Mediation Board,2020,13521106.52,12866141.62,0.050906
National Mediation Board,2021,14334369.91,13521106.52,0.060147
National Mediation Board,2022,14844762.35,14334369.91,0.035606
National Mediation Board,2023,14940633.10,14844762.35,0.006458
National Mediation Board,2024,15099493.34,14940633.10,0.010632
National Mediation Board,2025,14971320.47,15099493.34,-0.008488
National Science Foundation,2018,8132723913.90,NULL,NULL
National Science Foundation,2019,8449542492.53,8132723913.90,0.038956
National Science Foundation,2020,8596034079.86,8449542492.53,0.017337
National Science Foundation,2021,9018208184.77,8596034079.86,0.049112
National Science Foundation,2022,9523708321.45,9018208184.77,0.056053
National Science Foundation,2023,9861960523.64,9523708321.45,0.035516
National Science Foundation,2024,9746030086.42,9861960523.64,-0.011755
National Science Foundation,2025,9885079238.42,9746030086.42,0.014267
National Transportation Safety Board,2018,109846218.05,NULL,NULL
National Transportation Safety Board,2019,109947032.26,109846218.05,0.000917
National Transportation Safety Board,2020,110111902.09,109947032.26,0.001499
National Transportation Safety Board,2021,117854299.44,110111902.09,0.070313
National Transportation Safety Board,2022,120960489.68,117854299.44,0.026356
National Transportation Safety Board,2023,128713316.47,120960489.68,0.064093
National Transportation Safety Board,2024,143163262.16,128713316.47,0.112264
National Transportation Safety Board,2025,154274105.53,143163262.16,0.077609
Northern Border Regional Commission,2018,12420291.07,NULL,NULL
Northern Border Regional Commission,2019,23172027.33,12420291.07,0.865658
Northern Border Regional Commission,2020,6474629.70,23172027.33,-0.720584
Northern Border Regional Commission,2021,18420704.00,6474629.70,1.845059
Northern Border Regional Commission,2022,20831111.64,18420704.00,0.130853
Northern Border Regional Commission,2023,71347094.16,20831111.64,2.425025
Northern Border Regional Commission,2024,54295553.54,71347094.16,-0.238994
Northern Border Regional Commission,2025,96316585.88,54295553.54,0.773931
Nuclear Regulatory Commission,2018,934013915.09,NULL,NULL
Nuclear Regulatory Commission,2019,895020061.42,934013915.09,-0.041748
Nuclear Regulatory Commission,2020,865238147.39,895020061.42,-0.033275
Nuclear Regulatory Commission,2021,883053371.95,865238147.39,0.020589
Nuclear Regulatory Commission,2022,890682281.17,883053371.95,0.008639
Nuclear Regulatory Commission,2023,946775650.07,890682281.17,0.062977
Nuclear Regulatory Commission,2024,1008549839.29,946775650.07,0.065246
Nuclear Regulatory Commission,2025,988090435.96,1008549839.29,-0.020285
Nuclear Waste Technical Review Board,2018,2950908.92,NULL,NULL
Nuclear Waste Technical Review Board,2019,3613277.87,2950908.92,0.224462
Nuclear Waste Technical Review Board,2020,3861520.66,3613277.87,0.068702
Nuclear Waste Technical Review Board,2021,195660.23,3861520.66,-0.949330
Nuclear Waste Technical Review Board,2022,3578002.35,195660.23,17.286814
Nuclear Waste Technical Review Board,2023,3845555.93,3578002.35,0.074777
Nuclear Waste Technical Review Board,2024,4737031.74,3845555.93,0.231819
Nuclear Waste Technical Review Board,2025,3906469.41,4737031.74,-0.175333
Occupational Safety and Health Review Commission,2018,13251116.65,NULL,NULL
Occupational Safety and Health Review Commission,2019,12774860.69,13251116.65,-0.035940
Occupational Safety and Health Review Commission,2020,13131459.04,12774860.69,0.027914
Occupational Safety and Health Review Commission,2021,13287862.98,13131459.04,0.011910
Occupational Safety and Health Review Commission,2022,13400933.90,13287862.98,0.008509
Occupational Safety and Health Review Commission,2023,14536804.08,13400933.90,0.084760
Occupational Safety and Health Review Commission,2024,14413120.20,14536804.08,-0.008508
Occupational Safety and Health Review Commission,2025,14074434.17,14413120.20,-0.023498
Office of Government Ethics,2018,16718816.09,NULL,NULL
Office of Government Ethics,2019,16988670.40,16718816.09,0.016140
Office of Government Ethics,2020,17426138.49,16988670.40,0.025750
Office of Government Ethics,2021,19187572.62,17426138.49,0.101080
Office of Government Ethics,2022,19160654.67,19187572.62,-0.001402
Office of Government Ethics,2023,22969686.32,19160654.67,0.198794
Office of Government Ethics,2024,21042540.03,22969686.32,-0.083899
Office of Government Ethics,2025,21801177.92,21042540.03,0.036052
Office of Navajo and Hopi Indian Relocation,2020,0.00,NULL,NULL
Office of Navajo and Hopi Indian Relocation,2021,0.00,0.00,NULL
Office of Navajo and Hopi Indian Relocation,2022,0.00,0.00,NULL
Office of Navajo and Hopi Indian Relocation,2023,6251243.39,0.00,NULL
Office of Navajo and Hopi Indian Relocation,2024,5395160.39,6251243.39,-0.136946
Office of Navajo and Hopi Indian Relocation,2025,4797733.71,5395160.39,-0.110733
Office of Personnel Management,2018,204645449087.59,NULL,NULL
Office of Personnel Management,2019,210709283328.18,204645449087.59,0.029630
Office of Personnel Management,2020,214335359195.00,210709283328.18,0.017208
Office of Personnel Management,2021,221600779353.15,214335359195.00,0.033897
Office of Personnel Management,2022,229562706715.02,221600779353.15,0.035929
Office of Personnel Management,2023,234222972505.51,229562706715.02,0.020300
Office of Personnel Management,2024,246262927036.16,234222972505.51,0.051403
Office of Personnel Management,2025,262040905041.82,246262927036.16,0.064069
Office of Special Counsel,2018,26441086.40,NULL,NULL
Office of Special Counsel,2019,26359805.25,26441086.40,-0.003074
Office of Special Counsel,2020,27887797.72,26359805.25,0.057966
Office of Special Counsel,2021,29533682.87,27887797.72,0.059018
Office of Special Counsel,2022,32356175.71,29533682.87,0.095568
Office of Special Counsel,2023,31953095.33,32356175.71,-0.012457
Office of Special Counsel,2024,31714299.98,31953095.33,-0.007473
Office of Special Counsel,2025,31510829.63,31714299.98,-0.006415
Overseas Private Investment Corporation,2018,522919950.04,NULL,NULL
Overseas Private Investment Corporation,2019,481065504.40,522919950.04,-0.080039
Overseas Private Investment Corporation,2020,43150026.25,481065504.40,-0.910303
Overseas Private Investment Corporation,2021,0.00,43150026.25,-1.000000
Overseas Private Investment Corporation,2022,0.00,0.00,NULL
Overseas Private Investment Corporation,2023,0.03,0.00,NULL
Overseas Private Investment Corporation,2024,0.00,0.03,-1.000000
Overseas Private Investment Corporation,2025,0.00,0.00,NULL
Patient-Centered Outcomes Research Trust Fund,2018,764770071.01,NULL,NULL
Patient-Centered Outcomes Research Trust Fund,2019,723342024.83,764770071.01,-0.054170
Patient-Centered Outcomes Research Trust Fund,2020,862812664.52,723342024.83,0.192814
Patient-Centered Outcomes Research Trust Fund,2021,883448457.74,862812664.52,0.023916
Patient-Centered Outcomes Research Trust Fund,2022,946890900.67,883448457.74,0.071812
Patient-Centered Outcomes Research Trust Fund,2023,1006720026.18,946890900.67,0.063184
Patient-Centered Outcomes Research Trust Fund,2024,1084914364.17,1006720026.18,0.077672
Patient-Centered Outcomes Research Trust Fund,2025,1185134896.83,1084914364.17,0.092376
Peace Corps,2018,422120656.16,NULL,NULL
Peace Corps,2019,451407755.63,422120656.16,0.069380
Peace Corps,2020,928191294.44,451407755.63,1.056214
Peace Corps,2021,1288696565.20,928191294.44,0.388395
Peace Corps,2022,445249161.87,1288696565.20,-0.654496
Peace Corps,2023,472399171.32,445249161.87,0.060977
Peace Corps,2024,476259483.12,472399171.32,0.008171
Peace Corps,2025,456879972.55,476259483.12,-0.040691
Pension Benefit Guaranty Corporation,2018,6363774931.81,NULL,NULL
Pension Benefit Guaranty Corporation,2019,6510482314.69,6363774931.81,0.023053
Pension Benefit Guaranty Corporation,2020,6548256148.30,6510482314.69,0.005802
Pension Benefit Guaranty Corporation,2021,6991998361.26,6548256148.30,0.067764
Pension Benefit Guaranty Corporation,2022,14739682100.21,6991998361.26,1.108078
Pension Benefit Guaranty Corporation,2023,52988712993.56,14739682100.21,2.594969
Pension Benefit Guaranty Corporation,2024,21638784404.11,52988712993.56,-0.591634
Pension Benefit Guaranty Corporation,2025,13294541941.73,21638784404.11,-0.385615
Presidio Trust,2021,209683394.61,NULL,NULL
Presidio Trust,2022,171784145.29,209683394.61,-0.180745
Presidio Trust,2023,183812047.29,171784145.29,0.070017
Presidio Trust,2024,401327323.56,183812047.29,1.183357
Presidio Trust,2025,207710653.33,401327323.56,-0.482440
Privacy and Civil Liberties Oversight Board,2018,7594229.67,NULL,NULL
Privacy and Civil Liberties Oversight Board,2019,9427921.25,7594229.67,0.241458
Privacy and Civil Liberties Oversight Board,2020,10340418.69,9427921.25,0.096786
Privacy and Civil Liberties Oversight Board,2021,10232199.67,10340418.69,-0.010465
Privacy and Civil Liberties Oversight Board,2022,11316274.67,10232199.67,0.105947
Privacy and Civil Liberties Oversight Board,2023,10999230.74,11316274.67,-0.028016
Privacy and Civil Liberties Oversight Board,2024,11648086.29,10999230.74,0.058990
Privacy and Civil Liberties Oversight Board,2025,13778832.52,11648086.29,0.182926
Public Buildings Reform Board,2020,3219759.99,NULL,NULL
Public Buildings Reform Board,2021,2886971.85,3219759.99,-0.103358
Public Buildings Reform Board,2022,1072716.09,2886971.85,-0.628428
Public Buildings Reform Board,2023,1873060.80,1072716.09,0.746091
Public Buildings Reform Board,2024,2774477.80,1873060.80,0.481253
Public Buildings Reform Board,2025,2014046.92,2774477.80,-0.274080
Railroad Retirement Board,2018,15903332854.00,NULL,NULL
Railroad Retirement Board,2019,16140467132.73,15903332854.00,0.014910
Railroad Retirement Board,2020,16915905836.35,16140467132.73,0.048043
Railroad Retirement Board,2021,18155009918.82,16915905836.35,0.073250
Railroad Retirement Board,2022,16969500651.90,18155009918.82,-0.065299
Railroad Retirement Board,2023,17008964703.44,16969500651.90,0.002325
Railroad Retirement Board,2024,17102250079.47,17008964703.44,0.005484
Railroad Retirement Board,2025,17522536724.90,17102250079.47,0.024574
Securities and Exchange Commission,2018,1855004303.62,NULL,NULL
Securities and Exchange Commission,2019,1783122298.31,1855004303.62,-0.038750
Securities and Exchange Commission,2020,2063050017.71,1783122298.31,0.156987
Securities and Exchange Commission,2021,2825637093.26,2063050017.71,0.369640
Securities and Exchange Commission,2022,2323030337.91,2825637093.26,-0.177873
Securities and Exchange Commission,2023,2882792771.13,2323030337.91,0.240962
Securities and Exchange Commission,2024,2513273711.32,2882792771.13,-0.128180
Securities and Exchange Commission,2025,2279809318.74,2513273711.32,-0.092892
Selective Service System,2018,23172852.66,NULL,NULL
Selective Service System,2019,26592046.95,23172852.66,0.147551
Selective Service System,2020,28433172.04,26592046.95,0.069235
Selective Service System,2021,27884824.20,28433172.04,-0.019285
Selective Service System,2022,32080223.96,27884824.20,0.150454
Selective Service System,2023,35739009.63,32080223.96,0.114051
Small Business Administration,2018,2768909207.80,NULL,NULL
Small Business Administration,2019,1655875288.73,2768909207.80,-0.401975
Small Business Administration,2020,590233164046.43,1655875288.73,355.447836
Small Business Administration,2021,348440144632.46,590233164046.43,-0.409656
Small Business Administration,2022,35455067058.76,348440144632.46,-0.898246
Small Business Administration,2023,32264243028.23,35455067058.76,-0.089996
Small Business Administration,2024,36577355477.46,32264243028.23,0.133680
Small Business Administration,2025,12534817541.37,36577355477.46,-0.657306
Social Security Administration,2018,1097255690866.90,NULL,NULL
Social Security Administration,2019,1159468739487.30,1097255690866.90,0.056698
Social Security Administration,2020,1216027996696.20,1159468739487.30,0.048780
Social Security Administration,2021,1248653319331.43,1216027996696.20,0.026829
Social Security Administration,2022,1364987764104.88,1248653319331.43,0.093167
Social Security Administration,2023,1506843076037.29,1364987764104.88,0.103924
Social Security Administration,2024,1607954869344.54,1506843076037.29,0.067101
Social Security Administration,2025,1740398104292.52,1607954869344.54,0.082367
Southeast Crescent Regional Commission,2025,4683253.12,NULL,NULL
Southwest Border Regional Commission,2025,11997122.08,NULL,NULL
Surface Transportation Board,2018,35413358.26,NULL,NULL
Surface Transportation Board,2019,36694907.81,35413358.26,0.036188
Surface Transportation Board,2020,36686200.51,36694907.81,-0.000237
Surface Transportation Board,2021,37286404.28,36686200.51,0.016360
Surface Transportation Board,2022,39004967.66,37286404.28,0.046090
Surface Transportation Board,2023,41149455.91,39004967.66,0.054979
Surface Transportation Board,2024,45012408.62,41149455.91,0.093876
Surface Transportation Board,2025,47582198.94,45012408.62,0.057090
U.S. Agency for Global Media,2018,810062764.33,NULL,NULL
U.S. Agency for Global Media,2019,815673698.46,810062764.33,0.006926
U.S. Agency for Global Media,2020,818778126.60,815673698.46,0.003805
U.S. Agency for Global Media,2021,838791126.55,818778126.60,0.024442
U.S. Agency for Global Media,2022,874436298.12,838791126.55,0.042495
U.S. Agency for Global Media,2023,905419825.23,874436298.12,0.035432
U.S. Agency for Global Media,2024,905944680.62,905419825.23,0.000579
U.S. Agency for Global Media,2025,762743620.21,905944680.62,-0.158068
U.S. Interagency Council on Homelessness,2018,3712925.40,NULL,NULL
U.S. International Development Finance Corporation,2020,514773049.87,NULL,NULL
U.S. International Development Finance Corporation,2021,965363203.30,514773049.87,0.875318
U.S. International Development Finance Corporation,2022,1472115830.14,965363203.30,0.524934
U.S. International Development Finance Corporation,2023,1732011037.10,1472115830.14,0.176545
U.S. International Development Finance Corporation,2024,1885854909.05,1732011037.10,0.088823
U.S. International Development Finance Corporation,2025,1105779615.45,1885854909.05,-0.413645
United States Chemical Safety Board,2018,10940895.38,NULL,NULL
United States Chemical Safety Board,2019,10711526.96,10940895.38,-0.020964
United States Chemical Safety Board,2020,10263756.15,10711526.96,-0.041802
United States Chemical Safety Board,2021,11375091.80,10263756.15,0.108277
United States Chemical Safety Board,2022,13398973.82,11375091.80,0.177922
United States Chemical Safety Board,2023,14452038.30,13398973.82,0.078592
United States Chemical Safety Board,2024,14419511.79,14452038.30,-0.002250
United States Chemical Safety Board,2025,14452094.07,14419511.79,0.002259
United States Court of Appeals for Veterans Claims,2018,34618654.42,NULL,NULL
United States Court of Appeals for Veterans Claims,2019,35870637.53,34618654.42,0.036164
United States Court of Appeals for Veterans Claims,2020,38213505.61,35870637.53,0.065314
United States Court of Appeals for Veterans Claims,2021,40055473.82,38213505.61,0.048202
United States Court of Appeals for Veterans Claims,2022,44390890.21,40055473.82,0.108235
United States Court of Appeals for Veterans Claims,2023,47295375.83,44390890.21,0.065429
United States Court of Appeals for Veterans Claims,2024,46234521.09,47295375.83,-0.022430
United States Court of Appeals for Veterans Claims,2025,45241515.39,46234521.09,-0.021477
United States Trade and Development Agency,2018,77730682.64,NULL,NULL
United States Trade and Development Agency,2019,74362835.27,77730682.64,-0.043327
United States Trade and Development Agency,2021,88639923.64,74362835.27,0.191992
United States Trade and Development Agency,2022,91911901.24,88639923.64,0.036913
United States Trade and Development Agency,2024,113342817.59,91911901.24,0.233168
United States Trade and Development Agency,2025,59690323.13,113342817.59,-0.473364
Vietnam Education Foundation,2018,964174.43,NULL,NULL
