2,Access Board,2018,8506989.04,NULL,NULL,NULL,1
3,Administrative Conference of the U.S.,2018,2118391.02,NULL,NULL,NULL,1
4,Advisory Council on Historic Preservation,2018,11528120.26,NULL,NULL,NULL,1
5,African Development Foundation,2018,33269858.59,NULL,NULL,NULL,1
6,Agency for International Development,2018,15496083148.39,NULL,NULL,NULL,1
7,American Battle Monuments Commission,2018,99955086.61,NULL,NULL,NULL,1
8,Appalachian Regional Commission,2018,57029208.63,NULL,NULL,NULL,1
9,Armed Forces Retirement Home,2018,81365210.41,NULL,NULL,NULL,1
10,Barry Goldwater Scholarship and Excellence In Education Foundation,2018,2504915.64,NULL,NULL,NULL,1
11,Commission for the Preservation of America's Heritage Abroad,2018,694159.80,NULL,NULL,NULL,1
12,Commission of Fine Arts,2018,5464894.86,NULL,NULL,NULL,1
13,Commission on Civil Rights,2018,9764259.07,NULL,NULL,NULL,1
14,Committee for Purchase from People Who Are Blind or Severely Disabled,2018,6275757.81,NULL,NULL,NULL,1
15,Commodity Futures Trading Commission,2018,310043029.43,NULL,NULL,NULL,1
16,Consumer Financial Protection Bureau,2018,661383969.15,NULL,NULL,NULL,1
17,Consumer Product Safety Commission,2018,129130312.17,NULL,NULL,NULL,1
18,Corporation for National and Community Service,2018,1311442010.84,NULL,NULL,NULL,1
19,Corps of Engineers - Civil Works,2018,26876614245.40,NULL,NULL,NULL,1
20,Council of the Inspectors General on Integrity and Efficiency,2018,9050273.26,NULL,NULL,NULL,1
21,Court Services and Offender Supervision Agency,2018,244302735.10,NULL,NULL,NULL,1
22,Defense Nuclear Facilities Safety Board,2018,28402701.82,NULL,NULL,NULL,1
23,Delta Regional Authority,2018,7691321.00,NULL,NULL,NULL,1
24,Denali Commission,2018,51039131.39,NULL,NULL,NULL,1
25,Department of Agriculture,2018,183549040915.82,NULL,NULL,NULL,1
26,Department of Commerce,2018,21840165931.75,NULL,NULL,NULL,1
27,Department of Defense,2018,1092438524753.46,NULL,NULL,NULL,1
28,Department of Education,2018,95226038979.19,NULL,NULL,NULL,1
29,Department of Energy,2018,45120566097.96,NULL,NULL,NULL,1
30,Department of Health and Human Services,2018,1679128003253.74,NULL,NULL,NULL,1
31,Department of Homeland Security,2018,106886283226.15,NULL,NULL,NULL,1
32,Department of Housing and Urban Development,2018,76622972278.59,NULL,NULL,NULL,1
33,Department of Justice,2018,39970356916.65,NULL,NULL,NULL,1
34,Department of Labor,2018,50250923527.15,NULL,NULL,NULL,1
35,Department of State,2018,42993490049.64,NULL,NULL,NULL,1
38,Department of the Interior,2018,26344299309.44,NULL,NULL,NULL,1
39,Department of the Treasury,2018,1041301338675.78,NULL,NULL,NULL,1
36,Department of Transportation,2018,96155238475.04,NULL,NULL,NULL,1
37,Department of Veterans Affairs,2018,204818097977.83,NULL,NULL,NULL,1
40,District of Columbia Courts,2018,336674464.10,NULL,NULL,NULL,1
41,Election Assistance Commission,2018,388256900.34,NULL,NULL,NULL,1
42,Environmental Protection Agency,2018,10823836673.15,NULL,NULL,NULL,1
43,Equal Employment Opportunity Commission,2018,385118788.40,NULL,NULL,NULL,1
44,Executive Office of the President,2018,801453622.88,NULL,NULL,NULL,1
45,Export-Import Bank of the United States,2018,781867699.43,NULL,NULL,NULL,1
46,Farm Credit System Insurance Corporation,2018,179796761.25,NULL,NULL,NULL,1
47,Federal Communications Commission,2018,11059379321.21,NULL,NULL,NULL,1
48,Federal Deposit Insurance Corporation,2018,2012726421.59,NULL,NULL,NULL,1
49,Federal Election Commission,2018,74770608.69,NULL,NULL,NULL,1
51,Federal Labor Relations Authority,2018,26408865.28,NULL,NULL,NULL,1
52,Federal Maritime Commission,2018,27138443.48,NULL,NULL,NULL,1
53,Federal Mediation and Conciliation Service,2018,56731391.66,NULL,NULL,NULL,1
54,Federal Mine Safety and Health Review Commission,2018,16397882.38,NULL,NULL,NULL,1
56,Federal Trade Commission,2018,326237902.81,NULL,NULL,NULL,1
57,General Services Administration,2018,27223613181.69,NULL,NULL,NULL,1
58,Government Accountability Office,2018,609666549.93,NULL,NULL,NULL,1
59,Gulf Coast Ecosystem Restoration Council,2018,94034301.09,NULL,NULL,NULL,1
60,Harry S Truman Scholarship Foundation,2018,3805359.80,NULL,NULL,NULL,1
61,Institute of Museum and Library Services,2018,242665810.14,NULL,NULL,NULL,1
62,Inter-American Foundation,2018,31731758.77,NULL,NULL,NULL,1
63,International Trade Commission,2018,95445914.52,NULL,NULL,NULL,1
64,James Madison Memorial Fellowship Foundation,2018,2101708.71,NULL,NULL,NULL,1
65,Japan-United States Friendship Commission,2018,3789448.49,NULL,NULL,NULL,1
66,John F. Kennedy Center for the Performing Arts,2018,56277873.70,NULL,NULL,NULL,1
67,Marine Mammal Commission,2018,3564701.66,NULL,NULL,NULL,1
68,Merit Systems Protection Board,2018,46320572.25,NULL,NULL,NULL,1
69,Millennium Challenge Corporation,2018,704347221.56,NULL,NULL,NULL,1
70,Morris K. Udall and Stewart L. Udall Foundation,2018,11384070.40,NULL,NULL,NULL,1
71,National Aeronautics and Space Administration,2018,23374772397.04,NULL,NULL,NULL,1
72,National Archives and Records Administration,2018,618242891.29,NULL,NULL,NULL,1
73,National Capital Planning Commission,2018,0.00,NULL,NULL,NULL,1
74,National Council on Disability,2018,3229462.87,NULL,NULL,NULL,1
75,National Credit Union Administration,2018,2600116.93,NULL,NULL,NULL,1
76,National Endowment for the Arts,2018,153804138.68,NULL,NULL,NULL,1
77,National Endowment for the Humanities,2018,143927473.76,NULL,NULL,NULL,1
79,National Mediation Board,2018,11804437.76,NULL,NULL,NULL,1
80,National Science Foundation,2018,8132723913.90,NULL,NULL,NULL,1
81,National Transportation Safety Board,2018,109846218.05,NULL,NULL,NULL,1
82,Northern Border Regional Commission,2018,12420291.07,NULL,NULL,NULL,1
83,Nuclear Regulatory Commission,2018,934013915.09,NULL,NULL,NULL,1
84,Nuclear Waste Technical Review Board,2018,2950908.92,NULL,NULL,NULL,1
85,Occupational Safety and Health Review Commission,2018,13251116.65,NULL,NULL,NULL,1
86,Office of Government Ethics,2018,16718816.09,NULL,NULL,NULL,1
88,Office of Personnel Management,2018,204645449087.59,NULL,NULL,NULL,1
89,Office of Special Counsel,2018,26441086.40,NULL,NULL,NULL,1
90,Overseas Private Investment Corporation,2018,522919950.04,NULL,NULL,NULL,1
91,Patient-Centered Outcomes Research Trust Fund,2018,764770071.01,NULL,NULL,NULL,1
92,Peace Corps,2018,422120656.16,NULL,NULL,NULL,1
93,Pension Benefit Guaranty Corporation,2018,6363774931.81,NULL,NULL,NULL,1
95,Privacy and Civil Liberties Oversight Board,2018,7594229.67,NULL,NULL,NULL,1
97,Railroad Retirement Board,2018,15903332854.00,NULL,NULL,NULL,1
98,Securities and Exchange Commission,2018,1855004303.62,NULL,NULL,NULL,1
99,Selective Service System,2018,23172852.66,NULL,NULL,NULL,1
100,Small Business Administration,2018,2768909207.80,NULL,NULL,NULL,1
101,Social Security Administration,2018,1097255690866.90,NULL,NULL,NULL,1
104,Surface Transportation Board,2018,35413358.26,NULL,NULL,NULL,1
105,U.S. Agency for Global Media,2018,810062764.33,NULL,NULL,NULL,1
106,U.S. Interagency Council on Homelessness,2018,3712925.40,NULL,NULL,NULL,1
108,United States Chemical Safety Board,2018,10940895.38,NULL,NULL,NULL,1
109,United States Court of Appeals for Veterans Claims,2018,34618654.42,NULL,NULL,NULL,1
110,United States Trade and Development Agency,2018,77730682.64,NULL,NULL,NULL,1
111,Vietnam Education Foundation,2018,964174.43,NULL,NULL,NULL,1
8,Appalachian Regional Commission,2019,183144516.49,57029208.63,126115307.86,2.211416,1
23,Delta Regional Authority,2019,22231776.14,7691321.00,14540455.14,1.890501,2
75,National Credit Union Administration,2019,4927568.85,2600116.93,2327451.92,0.895133,3
82,Northern Border Regional Commission,2019,23172027.33,12420291.07,10751736.26,0.865658,4
3,Administrative Conference of the U.S.,2019,3174964.94,2118391.02,1056573.92,0.498762,5
47,Federal Communications Commission,2019,16199733234.13,11059379321.21,5140353912.92,0.464795,6
14,Committee for Purchase from People Who Are Blind or Severely Disabled,2019,8975163.20,6275757.81,2699405.39,0.430132,7
28,Department of Education,2019,120398801101.04,95226038979.19,25172762121.85,0.264347,8
95,Privacy and Civil Liberties Oversight Board,2019,9427921.25,7594229.67,1833691.58,0.241458,9
84,Nuclear Waste Technical Review Board,2019,3613277.87,2950908.92,662368.95,0.224462,10
99,Selective Service System,2019,26592046.95,23172852.66,3419194.29,0.147551,11
20,Council of the Inspectors General on Integrity and Efficiency,2019,10321385.66,9050273.26,1271112.40,0.140450,12
5,African Development Foundation,2019,37670236.59,33269858.59,4400378.00,0.132263,13
25,Department of Agriculture,2019,204692683254.95,183549040915.82,21143642339.13,0.115193,14
11,Commission for the Preservation of America's Heritage Abroad,2019,763910.76,694159.80,69750.96,0.100482,15
57,General Services Administration,2019,29695947736.84,27223613181.69,2472334555.15,0.090815,16
79,National Mediation Board,2019,12866141.62,11804437.76,1061703.86,0.089941,17
63,International Trade Commission,2019,103815828.47,95445914.52,8369913.95,0.087692,18
77,National Endowment for the Humanities,2019,156013291.10,143927473.76,12085817.34,0.083971,19
30,Department of Health and Human Services,2019,1814270463757.37,1679128003253.74,135142460503.63,0.080483,20
92,Peace Corps,2019,451407755.63,422120656.16,29287099.47,0.069380,21
44,Executive Office of the President,2019,850467072.60,801453622.88,49013449.72,0.061155,22
33,Department of Justice,2019,42341175319.89,39970356916.65,2370818403.24,0.059314,23
37,Department of Veterans Affairs,2019,216784441071.28,204818097977.83,11966343093.45,0.058424,24
27,Department of Defense,2019,1154860031199.99,1092438524753.46,62421506446.53,0.057139,25
101,Social Security Administration,2019,1159468739487.30,1097255690866.90,62213048620.40,0.056698,26
58,Government Accountability Office,2019,642242633.49,609666549.93,32576083.56,0.053432,27
29,Department of Energy,2019,47450430947.59,45120566097.96,2329864849.63,0.051636,28
69,Millennium Challenge Corporation,2019,737659494.32,704347221.56,33312272.76,0.047295,29
64,James Madison Memorial Fellowship Foundation,2019,2192311.75,2101708.71,90603.04,0.043109,30
80,National Science Foundation,2019,8449542492.53,8132723913.90,316818578.63,0.038956,31
18,Corporation for National and Community Service,2019,1362008579.69,1311442010.84,50566568.85,0.038557,32
104,Surface Transportation Board,2019,36694907.81,35413358.26,1281549.55,0.036188,33
6,Agency for International Development,2019,16056798953.39,15496083148.39,560715805.00,0.036184,34
109,United States Court of Appeals for Veterans Claims,2019,35870637.53,34618654.42,1251983.11,0.036164,35
68,Merit Systems Protection Board,2019,47982558.71,46320572.25,1661986.46,0.035880,36
39,Department of the Treasury,2019,1078327377672.54,1041301338675.78,37026038996.76,0.035557,37
9,Armed Forces Retirement Home,2019,83794996.70,81365210.41,2429786.29,0.029862,38
88,Office of Personnel Management,2019,210709283328.18,204645449087.59,6063834240.59,0.029630,39
36,Department of Transportation,2019,98873363842.31,96155238475.04,2718125367.27,0.028268,40
71,National Aeronautics and Space Administration,2019,23970779821.76,23374772397.04,596007424.72,0.025497,41
76,National Endowment for the Arts,2019,157524091.19,153804138.68,3719952.51,0.024186,42
93,Pension Benefit Guaranty Corporation,2019,6510482314.69,6363774931.81,146707382.88,0.023053,43
86,Office of Government Ethics,2019,16988670.40,16718816.09,269854.31,0.016140,44
12,Commission of Fine Arts,2019,5549225.72,5464894.86,84330.86,0.015431,45
61,Institute of Museum and Library Services,2019,246362267.52,242665810.14,3696457.38,0.015232,46
97,Railroad Retirement Board,2019,16140467132.73,15903332854.00,237134278.73,0.014910,47
35,Department of State,2019,43623907071.05,42993490049.64,630417021.41,0.014663,48
56,Federal Trade Commission,2019,331002455.85,326237902.81,4764553.04,0.014604,49
38,Department of the Interior,2019,26718979631.25,26344299309.44,374680321.81,0.014222,50
17,Consumer Product Safety Commission,2019,130812617.44,129130312.17,1682305.27,0.013027,51
74,National Council on Disability,2019,3270367.01,3229462.87,40904.14,0.012665,52
52,Federal Maritime Commission,2019,27339179.35,27138443.48,200735.87,0.007396,53
105,U.S. Agency for Global Media,2019,815673698.46,810062764.33,5610934.13,0.006926,54
62,Inter-American Foundation,2019,31868459.29,31731758.77,136700.52,0.004308,55
43,Equal Employment Opportunity Commission,2019,385563949.01,385118788.40,445160.61,0.001155,56
81,National Transportation Safety Board,2019,109947032.26,109846218.05,100814.21,0.000917,57
51,Federal Labor Relations Authority,2019,26386975.00,26408865.28,-21890.28,-0.000828,58
89,Office of Special Counsel,2019,26359805.25,26441086.40,-81281.15,-0.003074,59
21,Court Services and Offender Supervision Agency,2019,242801014.03,244302735.10,-1501721.07,-0.006146,60
53,Federal Mediation and Conciliation Service,2019,56013694.56,56731391.66,-717697.10,-0.012650,61
34,Department of Labor,2019,49536149169.89,50250923527.15,-714774357.26,-0.014224,62
2,Access Board,2019,8364298.75,8506989.04,-142690.29,-0.016773,63
72,National Archives and Records Administration,2019,606744019.88,618242891.29,-11498871.41,-0.018599,64
42,Environmental Protection Agency,2019,10613224996.13,10823836673.15,-210611677.02,-0.019458,65
108,United States Chemical Safety Board,2019,10711526.96,10940895.38,-229368.42,-0.020964,66
40,District of Columbia Courts,2019,329580962.10,336674464.10,-7093502.00,-0.021069,67
67,Marine Mammal Commission,2019,3484124.34,3564701.66,-80577.32,-0.022604,68
13,Commission on Civil Rights,2019,9460883.39,9764259.07,-303375.68,-0.031070,69
85,Occupational Safety and Health Review Commission,2019,12774860.69,13251116.65,-476255.96,-0.035940,70
98,Securities and Exchange Commission,2019,1783122298.31,1855004303.62,-71882005.31,-0.038750,71
83,Nuclear Regulatory Commission,2019,895020061.42,934013915.09,-38993853.67,-0.041748,72
110,United States Trade and Development Agency,2019,74362835.27,77730682.64,-3367847.37,-0.043327,73
91,Patient-Centered Outcomes Research Trust Fund,2019,723342024.83,764770071.01,-41428046.18,-0.054170,74
48,Federal Deposit Insurance Corporation,2019,1899309669.29,2012726421.59,-113416752.30,-0.056349,75
22,Defense Nuclear Facilities Safety Board,2019,26558533.75,28402701.82,-1844168.07,-0.064929,76
54,Federal Mine Safety and Health Review Commission,2019,15194015.35,16397882.38,-1203867.03,-0.073416,77
49,Federal Election Commission,2019,69232534.06,74770608.69,-5538074.63,-0.074067,78
90,Overseas Private Investment Corporation,2019,481065504.40,522919950.04,-41854445.64,-0.080039,79
19,Corps of Engineers - Civil Works,2019,24533474722.84,26876614245.40,-2343139522.56,-0.087181,80
60,Harry S Truman Scholarship Foundation,2019,3387127.47,3805359.80,-418232.33,-0.109906,81
15,Commodity Futures Trading Commission,2019,268029494.90,310043029.43,-42013534.53,-0.135508,82
31,Department of Homeland Security,2019,91630525352.50,106886283226.15,-15255757873.65,-0.142728,83
70,Morris K. Udall and Stewart L. Udall Foundation,2019,9655852.20,11384070.40,-1728218.20,-0.151810,84
7,American Battle Monuments Commission,2019,83880793.52,99955086.61,-16074293.09,-0.160815,85
45,Export-Import Bank of the United States,2019,649222721.62,781867699.43,-132644977.81,-0.169651,86
32,Department of Housing and Urban Development,2019,62652912069.06,76622972278.59,-13970060209.53,-0.182322,87
26,Department of Commerce,2019,17824854812.79,21840165931.75,-4015311118.96,-0.183849,88
10,Barry Goldwater Scholarship and Excellence In Education Foundation,2019,2025307.94,2504915.64,-479607.70,-0.191466,89
16,Consumer Financial Protection Bureau,2019,511669057.22,661383969.15,-149714911.93,-0.226366,90
4,Advisory Council on Historic Preservation,2019,8567657.71,11528120.26,-2960462.55,-0.256803,91
65,Japan-United States Friendship Commission,2019,2625347.24,3789448.49,-1164101.25,-0.307195,92
24,Denali Commission,2019,33045999.98,51039131.39,-17993131.41,-0.352536,93
66,John F. Kennedy Center for the Performing Arts,2019,36394154.02,56277873.70,-19883719.68,-0.353313,94
59,Gulf Coast Ecosystem Restoration Council,2019,57773584.53,94034301.09,-36260716.56,-0.385611,95
100,Small Business Administration,2019,1655875288.73,2768909207.80,-1113033919.07,-0.401975,96
46,Farm Credit System Insurance Corporation,2019,70085000.99,179796761.25,-109711760.26,-0.610198,97
41,Election Assistance Commission,2019,7824215.77,388256900.34,-380432684.57,-0.979847,98
50,Federal Financial Institutions Examination Council,2019,3750146.01,NULL,NULL,NULL,99
73,National Capital Planning Commission,2019,8180385.89,0.00,8180385.89,NULL,99
78,National Labor Relations Board,2019,269316861.43,NULL,NULL,NULL,99
100,Small Business Administration,2020,590233164046.43,1655875288.73,588577288757.70,355.447836,1
49,Federal Election Commission,2020,8404371498.48,69232534.06,8335138964.42,120.393382,2
41,Election Assistance Commission,2020,837750199.62,7824215.77,829925983.85,106.071459,3
34,Department of Labor,2020,600858842745.78,49536149169.89,551322693575.89,11.129704,4
59,Gulf Coast Ecosystem Restoration Council,2020,152348203.08,57773584.53,94574618.55,1.636987,5
92,Peace Corps,2020,928191294.44,451407755.63,476783538.81,1.056214,6
28,Department of Education,2020,242593520560.57,120398801101.04,122194719459.53,1.014916,7
31,Department of Homeland Security,2020,160365575018.45,91630525352.50,68735049665.95,0.750132,8
20,Council of the Inspectors General on Integrity and Efficiency,2020,17835723.24,10321385.66,7514337.58,0.728035,9
10,Barry Goldwater Scholarship and Excellence In Education Foundation,2020,3422282.70,2025307.94,1396974.76,0.689759,10
57,General Services Administration,2020,49721015882.86,29695947736.84,20025068146.02,0.674336,11
23,Delta Regional Authority,2020,35291561.43,22231776.14,13059785.29,0.587437,12
66,John F. Kennedy Center for the Performing Arts,2020,57342156.44,36394154.02,20948002.42,0.575587,13
76,National Endowment for the Arts,2020,242006598.29,157524091.19,84482507.10,0.536314,14
36,Department of Transportation,2020,147409620706.53,98873363842.31,48536256864.22,0.490893,15
12,Commission of Fine Arts,2020,8232477.63,5549225.72,2683251.91,0.483536,16
77,National Endowment for the Humanities,2020,230411617.39,156013291.10,74398326.29,0.476871,17
39,Department of the Treasury,2020,1566561954994.18,1078327377672.54,488234577321.64,0.452770,18
25,Department of Agriculture,2020,290656732311.30,204692683254.95,85964049056.35,0.419966,19
62,Inter-American Foundation,2020,44718998.55,31868459.29,12850539.26,0.403236,20
14,Committee for Purchase from People Who Are Blind or Severely Disabled,2020,11339792.21,8975163.20,2364629.01,0.263463,21
61,Institute of Museum and Library Services,2020,303439448.63,246362267.52,57077181.11,0.231679,22
26,Department of Commerce,2020,21930304603.47,17824854812.79,4105449790.68,0.230321,23
30,Department of Health and Human Services,2020,2198882208891.79,1814270463757.37,384611745134.42,0.211992,24
91,Patient-Centered Outcomes Research Trust Fund,2020,862812664.52,723342024.83,139470639.69,0.192814,25
48,Federal Deposit Insurance Corporation,2020,2209270753.22,1899309669.29,309961083.93,0.163196,26
98,Securities and Exchange Commission,2020,2063050017.71,1783122298.31,279927719.40,0.156987,27
60,Harry S Truman Scholarship Foundation,2020,3904237.16,3387127.47,517109.69,0.152669,28
3,Administrative Conference of the U.S.,2020,3594639.94,3174964.94,419675.00,0.132182,29
37,Department of Veterans Affairs,2020,244599441165.43,216784441071.28,27815000094.15,0.128307,30
35,Department of State,2020,49143222395.20,43623907071.05,5519315324.15,0.126520,31
33,Department of Justice,2020,47420465932.45,42341175319.89,5079290612.56,0.119961,32
24,Denali Commission,2020,36879993.30,33045999.98,3833993.32,0.116019,33
5,African Development Foundation,2020,42005459.51,37670236.59,4335222.92,0.115083,34
38,Department of the Interior,2020,29600486686.93,26718979631.25,2881507055.68,0.107844,35
15,Commodity Futures Trading Commission,2020,296591524.12,268029494.90,28562029.22,0.106563,36
32,Department of Housing and Urban Development,2020,69311072480.40,62652912069.06,6658160411.34,0.106270,37
54,Federal Mine Safety and Health Review Commission,2020,16793703.75,15194015.35,1599688.40,0.105284,38
95,Privacy and Civil Liberties Oversight Board,2020,10340418.69,9427921.25,912497.44,0.096786,39
16,Consumer Financial Protection Bureau,2020,560010526.08,511669057.22,48341468.86,0.094477,40
13,Commission on Civil Rights,2020,10281297.89,9460883.39,820414.50,0.086716,41
7,American Battle Monuments Commission,2020,90300651.57,83880793.52,6419858.05,0.076535,42
64,James Madison Memorial Fellowship Foundation,2020,2349334.01,2192311.75,157022.26,0.071624,43
2,Access Board,2020,8957361.94,8364298.75,593063.19,0.070904,44
99,Selective Service System,2020,28433172.04,26592046.95,1841125.09,0.069235,45
84,Nuclear Waste Technical Review Board,2020,3861520.66,3613277.87,248242.79,0.068702,46
109,United States Court of Appeals for Veterans Claims,2020,38213505.61,35870637.53,2342868.08,0.065314,47
42,Environmental Protection Agency,2020,11304379833.30,10613224996.13,691154837.17,0.065122,48
9,Armed Forces Retirement Home,2020,89190718.93,83794996.70,5395722.23,0.064391,49
89,Office of Special Counsel,2020,27887797.72,26359805.25,1527992.47,0.057966,50
56,Federal Trade Commission,2020,349379734.28,331002455.85,18377278.43,0.055520,51
71,National Aeronautics and Space Administration,2020,25270913534.38,23970779821.76,1300133712.62,0.054238,52
44,Executive Office of the President,2020,895223470.17,850467072.60,44756397.57,0.052625,53
79,National Mediation Board,2020,13521106.52,12866141.62,654964.90,0.050906,54
6,Agency for International Development,2020,16840551990.67,16056798953.39,783753037.28,0.048811,55
101,Social Security Administration,2020,1216027996696.20,1159468739487.30,56559257208.90,0.048780,56
97,Railroad Retirement Board,2020,16915905836.35,16140467132.73,775438703.62,0.048043,57
19,Corps of Engineers - Civil Works,2020,25545646250.24,24533474722.84,1012171527.40,0.041256,58
29,Department of Energy,2020,49399354932.76,47450430947.59,1948923985.17,0.041072,59
74,National Council on Disability,2020,3396964.93,3270367.01,126597.92,0.038710,60
58,Government Accountability Office,2020,663423914.60,642242633.49,21181281.11,0.032980,61
43,Equal Employment Opportunity Commission,2020,398101696.19,385563949.01,12537747.18,0.032517,62
65,Japan-United States Friendship Commission,2020,2710634.86,2625347.24,85287.62,0.032486,63
17,Consumer Product Safety Commission,2020,134554672.13,130812617.44,3742054.69,0.028606,64
85,Occupational Safety and Health Review Commission,2020,13131459.04,12774860.69,356598.35,0.027914,65
86,Office of Government Ethics,2020,17426138.49,16988670.40,437468.09,0.025750,66
78,National Labor Relations Board,2020,275942579.09,269316861.43,6625717.66,0.024601,67
50,Federal Financial Institutions Examination Council,2020,3836180.51,3750146.01,86034.50,0.022941,68
67,Marine Mammal Commission,2020,3552991.72,3484124.34,68867.38,0.019766,69
80,National Science Foundation,2020,8596034079.86,8449542492.53,146491587.33,0.017337,70
88,Office of Personnel Management,2020,214335359195.00,210709283328.18,3626075866.82,0.017208,71
4,Advisory Council on Historic Preservation,2020,8675351.58,8567657.71,107693.87,0.012569,72
52,Federal Maritime Commission,2020,27584163.58,27339179.35,244984.23,0.008960,73
21,Court Services and Offender Supervision Agency,2020,244329824.48,242801014.03,1528810.45,0.006296,74
93,Pension Benefit Guaranty Corporation,2020,6548256148.30,6510482314.69,37773833.61,0.005802,75
105,U.S. Agency for Global Media,2020,818778126.60,815673698.46,3104428.14,0.003805,76
81,National Transportation Safety Board,2020,110111902.09,109947032.26,164869.83,0.001499,77
104,Surface Transportation Board,2020,36686200.51,36694907.81,-8707.30,-0.000237,78
73,National Capital Planning Commission,2020,8146283.94,8180385.89,-34101.95,-0.004168,79
63,International Trade Commission,2020,102176578.64,103815828.47,-1639249.83,-0.015789,80
75,National Credit Union Administration,2020,4844082.55,4927568.85,-83486.30,-0.016942,81
27,Department of Defense,2020,1130135336028.02,1154860031199.99,-24724695171.97,-0.021409,82
83,Nuclear Regulatory Commission,2020,865238147.39,895020061.42,-29781914.03,-0.033275,83
68,Merit Systems Protection Board,2020,46383252.00,47982558.71,-1599306.71,-0.033331,84
40,District of Columbia Courts,2020,316163162.06,329580962.10,-13417800.04,-0.040711,85
108,United States Chemical Safety Board,2020,10263756.15,10711526.96,-447770.81,-0.041802,86
46,Farm Credit System Insurance Corporation,2020,67145786.67,70085000.99,-2939214.32,-0.041937,87
51,Federal Labor Relations Authority,2020,25108102.53,26386975.00,-1278872.47,-0.048466,88
72,National Archives and Records Administration,2020,576919129.13,606744019.88,-29824890.75,-0.049155,89
8,Appalachian Regional Commission,2020,169753524.91,183144516.49,-13390991.58,-0.073117,90
11,Commission for the Preservation of America's Heritage Abroad,2020,694082.37,763910.76,-69828.39,-0.091409,91
18,Corporation for National and Community Service,2020,1220450660.28,1362008579.69,-141557919.41,-0.103933,92
53,Federal Mediation and Conciliation Service,2020,49215749.04,56013694.56,-6797945.52,-0.121362,93
22,Defense Nuclear Facilities Safety Board,2020,22925791.88,26558533.75,-3632741.87,-0.136782,94
70,Morris K. Udall and Stewart L. Udall Foundation,2020,7677669.36,9655852.20,-1978182.84,-0.204868,95
47,Federal Communications Commission,2020,9316144410.95,16199733234.13,-6883588823.18,-0.424919,96
69,Millennium Challenge Corporation,2020,248986722.55,737659494.32,-488672771.77,-0.662463,97
45,Export-Import Bank of the United States,2020,208004985.47,649222721.62,-441217736.15,-0.679609,98
82,Northern Border Regional Commission,2020,6474629.70,23172027.33,-16697397.63,-0.720584,99
90,Overseas Private Investment Corporation,2020,43150026.25,481065504.40,-437915478.15,-0.910303,100
55,Federal Permitting Improvement Steering Council,2020,6128218.71,NULL,NULL,NULL,101
87,Office of Navajo and Hopi Indian Relocation,2020,0.00,NULL,NULL,NULL,101
96,Public Buildings Reform Board,2020,3219759.99,NULL,NULL,NULL,101
107,U.S. International Development Finance Corporation,2020,514773049.87,NULL,NULL,NULL,101
69,Millennium Challenge Corporation,2021,1097307444.54,248986722.55,848320721.99,3.407092,1
45,Export-Import Bank of the United States,2021,858745789.98,208004985.47,650740804.51,3.128486,2
82,Northern Border Regional Commission,2021,18420704.00,6474629.70,11946074.30,1.845059,3
28,Department of Education,2021,457228091743.33,242593520560.57,214634571182.76,0.884749,4
107,U.S. International Development Finance Corporation,2021,965363203.30,514773049.87,450590153.43,0.875318,5
22,Defense Nuclear Facilities Safety Board,2021,36721554.54,22925791.88,13795762.66,0.601757,6
32,Department of Housing and Urban Development,2021,104346638883.86,69311072480.40,35035566403.46,0.505482,7
61,Institute of Museum and Library Services,2021,451772297.29,303439448.63,148332848.66,0.488838,8
47,Federal Communications Commission,2021,13271003291.52,9316144410.95,3954858880.57,0.424516,9
6,Agency for International Development,2021,23656313423.65,16840551990.67,6815761432.98,0.404723,10
39,Department of the Treasury,2021,2188984081298.11,1566561954994.18,622422126303.93,0.397317,11
92,Peace Corps,2021,1288696565.20,928191294.44,360505270.76,0.388395,12
98,Securities and Exchange Commission,2021,2825637093.26,2063050017.71,762587075.55,0.369640,13
55,Federal Permitting Improvement Steering Council,2021,8239717.60,6128218.71,2111498.89,0.344553,14
18,Corporation for National and Community Service,2021,1548278400.26,1220450660.28,327827739.98,0.268612,15
16,Consumer Financial Protection Bureau,2021,699617210.12,560010526.08,139606684.04,0.249292,16
110,United States Trade and Development Agency,2021,88639923.64,74362835.27,14277088.37,0.191992,17
7,American Battle Monuments Commission,2021,105002942.40,90300651.57,14702290.83,0.162814,18
36,Department of Transportation,2021,165258604935.80,147409620706.53,17848984229.27,0.121084,19
108,United States Chemical Safety Board,2021,11375091.80,10263756.15,1111335.65,0.108277,20
86,Office of Government Ethics,2021,19187572.62,17426138.49,1761434.13,0.101080,21
51,Federal Labor Relations Authority,2021,27621040.16,25108102.53,2512937.63,0.100084,22
52,Federal Maritime Commission,2021,30247419.17,27584163.58,2663255.59,0.096550,23
77,National Endowment for the Humanities,2021,251345592.04,230411617.39,20933974.65,0.090854,24
58,Government Accountability Office,2021,722220775.57,663423914.60,58796860.97,0.088626,25
5,African Development Foundation,2021,45529418.22,42005459.51,3523958.71,0.083892,26
34,Department of Labor,2021,648613298350.79,600858842745.78,47754455605.01,0.079476,27
29,Department of Energy,2021,53181045675.68,49399354932.76,3781690742.92,0.076553,28
97,Railroad Retirement Board,2021,18155009918.82,16915905836.35,1239104082.47,0.073250,29
30,Department of Health and Human Services,2021,2355524286884.46,2198882208891.79,156642077992.67,0.071237,30
81,National Transportation Safety Board,2021,117854299.44,110111902.09,7742397.35,0.070313,31
93,Pension Benefit Guaranty Corporation,2021,6991998361.26,6548256148.30,443742212.96,0.067764,32
17,Consumer Product Safety Commission,2021,142993123.45,134554672.13,8438451.32,0.062713,33
79,National Mediation Board,2021,14334369.91,13521106.52,813263.39,0.060147,34
89,Office of Special Counsel,2021,29533682.87,27887797.72,1645885.15,0.059018,35
37,Department of Veterans Affairs,2021,256898873597.48,244599441165.43,12299432432.05,0.050283,36
42,Environmental Protection Agency,2021,11868808702.06,11304379833.30,564428868.76,0.049930,37
80,National Science Foundation,2021,9018208184.77,8596034079.86,422174104.91,0.049112,38
109,United States Court of Appeals for Veterans Claims,2021,40055473.82,38213505.61,1841968.21,0.048202,39
44,Executive Office of the President,2021,932834014.13,895223470.17,37610543.96,0.042012,40
4,Advisory Council on Historic Preservation,2021,9032288.94,8675351.58,356937.36,0.041143,41
38,Department of the Interior,2021,30724549129.13,29600486686.93,1124062442.20,0.037974,42
88,Office of Personnel Management,2021,221600779353.15,214335359195.00,7265420158.15,0.033897,43
62,Inter-American Foundation,2021,46154158.78,44718998.55,1435160.23,0.032092,44
35,Department of State,2021,50699901063.20,49143222395.20,1556678668.00,0.031676,45
72,National Archives and Records Administration,2021,594516970.55,576919129.13,17597841.42,0.030503,46
101,Social Security Administration,2021,1248653319331.43,1216027996696.20,32625322635.23,0.026829,47
43,Equal Employment Opportunity Commission,2021,408365848.71,398101696.19,10264152.52,0.025782,48
73,National Capital Planning Commission,2021,8351628.80,8146283.94,205344.86,0.025207,49
63,International Trade Commission,2021,104693496.63,102176578.64,2516917.99,0.024633,50
105,U.S. Agency for Global Media,2021,838791126.55,818778126.60,20012999.95,0.024442,51
91,Patient-Centered Outcomes Research Trust Fund,2021,883448457.74,862812664.52,20635793.22,0.023916,52
15,Commodity Futures Trading Commission,2021,303467594.81,296591524.12,6876070.69,0.023183,53
83,Nuclear Regulatory Commission,2021,883053371.95,865238147.39,17815224.56,0.020589,54
54,Federal Mine Safety and Health Review Commission,2021,17095613.77,16793703.75,301910.02,0.017977,55
104,Surface Transportation Board,2021,37286404.28,36686200.51,600203.77,0.016360,56
27,Department of Defense,2021,1146962263260.70,1130135336028.02,16826927232.68,0.014889,57
85,Occupational Safety and Health Review Commission,2021,13287862.98,13131459.04,156403.94,0.011910,58
68,Merit Systems Protection Board,2021,46818542.74,46383252.00,435290.74,0.009384,59
64,James Madison Memorial Fellowship Foundation,2021,2370708.54,2349334.01,21374.53,0.009098,60
56,Federal Trade Commission,2021,351526386.53,349379734.28,2146652.25,0.006144,61
21,Court Services and Offender Supervision Agency,2021,244452661.53,244329824.48,122837.05,0.000502,62
71,National Aeronautics and Space Administration,2021,25239918110.98,25270913534.38,-30995423.40,-0.001226,63
2,Access Board,2021,8932331.75,8957361.94,-25030.19,-0.002794,64
12,Commission of Fine Arts,2021,8191744.33,8232477.63,-40733.30,-0.004947,65
78,National Labor Relations Board,2021,274420560.96,275942579.09,-1522018.13,-0.005515,66
95,Privacy and Civil Liberties Oversight Board,2021,10232199.67,10340418.69,-108219.02,-0.010465,67
53,Federal Mediation and Conciliation Service,2021,48502747.22,49215749.04,-713001.82,-0.014487,68
99,Selective Service System,2021,27884824.20,28433172.04,-548347.84,-0.019285,69
9,Armed Forces Retirement Home,2021,87390364.16,89190718.93,-1800354.77,-0.020185,70
19,Corps of Engineers - Civil Works,2021,24480689354.40,25545646250.24,-1064956895.84,-0.041688,71
40,District of Columbia Courts,2021,301099847.48,316163162.06,-15063314.58,-0.047644,72
33,Department of Justice,2021,44310527077.80,47420465932.45,-3109938854.65,-0.065582,73
48,Federal Deposit Insurance Corporation,2021,2027962913.10,2209270753.22,-181307840.12,-0.082066,74
76,National Endowment for the Arts,2021,221156393.99,242006598.29,-20850204.30,-0.086155,75
74,National Council on Disability,2021,3079832.10,3396964.93,-317132.83,-0.093357,76
96,Public Buildings Reform Board,2021,2886971.85,3219759.99,-332788.14,-0.103358,77
13,Commission on Civil Rights,2021,9213599.89,10281297.89,-1067698.00,-0.103848,78
25,Department of Agriculture,2021,260036840187.43,290656732311.30,-30619892123.87,-0.105347,79
31,Department of Homeland Security,2021,142035912465.86,160365575018.45,-18329662552.59,-0.114299,80
20,Council of the Inspectors General on Integrity and Efficiency,2021,15510748.20,17835723.24,-2324975.04,-0.130354,81
26,Department of Commerce,2021,18409239008.62,21930304603.47,-3521065594.85,-0.160557,82
67,Marine Mammal Commission,2021,2977694.74,3552991.72,-575296.98,-0.161919,83
50,Federal Financial Institutions Examination Council,2021,3198942.26,3836180.51,-637238.25,-0.166112,84
59,Gulf Coast Ecosystem Restoration Council,2021,120815941.10,152348203.08,-31532261.98,-0.206974,85
24,Denali Commission,2021,26208151.41,36879993.30,-10671841.89,-0.289366,86
14,Committee for Purchase from People Who Are Blind or Severely Disabled,2021,8030528.28,11339792.21,-3309263.93,-0.291827,87
11,Commission for the Preservation of America's Heritage Abroad,2021,486926.10,694082.37,-207156.27,-0.298460,88
57,General Services Administration,2021,34024674349.58,49721015882.86,-15696341533.28,-0.315688,89
60,Harry S Truman Scholarship Foundation,2021,2647903.60,3904237.16,-1256333.56,-0.321787,90
3,Administrative Conference of the U.S.,2021,2403904.75,3594639.94,-1190735.19,-0.331252,91
100,Small Business Administration,2021,348440144632.46,590233164046.43,-241793019413.97,-0.409656,92
8,Appalachian Regional Commission,2021,90190889.93,169753524.91,-79562634.98,-0.468695,93
65,Japan-United States Friendship Commission,2021,1214027.11,2710634.86,-1496607.75,-0.552124,94
75,National Credit Union Administration,2021,2088207.33,4844082.55,-2755875.22,-0.568915,95
10,Barry Goldwater Scholarship and Excellence In Education Foundation,2021,746559.69,3422282.70,-2675723.01,-0.781853,96
23,Delta Regional Authority,2021,4055534.83,35291561.43,-31236026.60,-0.885084,97
70,Morris K. Udall and Stewart L. Udall Foundation,2021,696389.72,7677669.36,-6981279.64,-0.909296,98
46,Farm Credit System Insurance Corporation,2021,4499350.33,67145786.67,-62646436.34,-0.932991,99
66,John F. Kennedy Center for the Performing Arts,2021,3549421.76,57342156.44,-53792734.68,-0.938101,100
84,Nuclear Waste Technical Review Board,2021,195660.23,3861520.66,-3665860.43,-0.949330,101
41,Election Assistance Commission,2021,16663705.27,837750199.62,-821086494.35,-0.980108,102
49,Federal Election Commission,2021,89365527.82,8404371498.48,-8315005970.66,-0.989366,103
90,Overseas Private Investment Corporation,2021,0.00,43150026.25,-43150026.25,-1.000000,104
1,400 Years of African-American History Commission,2021,759997.00,NULL,NULL,NULL,105
87,Office of Navajo and Hopi Indian Relocation,2021,0.00,0.00,0.00,NULL,105
94,Presidio Trust,2021,209683394.61,NULL,NULL,NULL,105
84,Nuclear Waste Technical Review Board,2022,3578002.35,195660.23,3382342.12,17.286814,1
23,Delta Regional Authority,2022,65030224.00,4055534.83,60974689.17,15.034931,2
66,John F. Kennedy Center for the Performing Arts,2022,46263914.01,3549421.76,42714492.25,12.034211,3
41,Election Assistance Commission,2022,152042811.25,16663705.27,135379105.98,8.124189,4
10,Barry Goldwater Scholarship and Excellence In Education Foundation,2022,3257584.64,746559.69,2511024.95,3.363461,5
70,Morris K. Udall and Stewart L. Udall Foundation,2022,3017386.48,696389.72,2320996.76,3.332899,6
1,400 Years of African-American History Commission,2022,2614708.82,759997.00,1854711.82,2.440419,7
20,Council of the Inspectors General on Integrity and Efficiency,2022,47439902.15,15510748.20,31929153.95,2.058517,8
8,Appalachian Regional Commission,2022,217878712.00,90190889.93,127687822.07,1.415750,9
93,Pension Benefit Guaranty Corporation,2022,14739682100.21,6991998361.26,7747683738.95,1.108078,10
50,Federal Financial Institutions Examination Council,2022,6244913.52,3198942.26,3045971.26,0.952180,11
47,Federal Communications Commission,2022,24850873568.37,13271003291.52,11579870276.85,0.872569,12
60,Harry S Truman Scholarship Foundation,2022,4873952.94,2647903.60,2226049.34,0.840683,13
15,Commodity Futures Trading Commission,2022,511348819.17,303467594.81,207881224.36,0.685019,14
65,Japan-United States Friendship Commission,2022,2031729.66,1214027.11,817702.55,0.673545,15
42,Environmental Protection Agency,2022,19513329825.30,11868808702.06,7644521123.24,0.644084,16
24,Denali Commission,2022,42928816.68,26208151.41,16720665.27,0.637994,17
36,Department of Transportation,2022,268942277594.34,165258604935.80,103683672658.54,0.627402,18
3,Administrative Conference of the U.S.,2022,3743559.84,2403904.75,1339655.09,0.557282,19
107,U.S. International Development Finance Corporation,2022,1472115830.14,965363203.30,506752626.84,0.524934,20
13,Commission on Civil Rights,2022,13444879.39,9213599.89,4231279.50,0.459242,21
11,Commission for the Preservation of America's Heritage Abroad,2022,686045.88,486926.10,199119.78,0.408932,22
6,Agency for International Development,2022,32760502077.38,23656313423.65,9104188653.73,0.384852,23
18,Corporation for National and Community Service,2022,2092897732.61,1548278400.26,544619332.35,0.351758,24
14,Committee for Purchase from People Who Are Blind or Severely Disabled,2022,10838207.96,8030528.28,2807679.68,0.349625,25
28,Department of Education,2022,614723723752.84,457228091743.33,157495632009.51,0.344457,26
59,Gulf Coast Ecosystem Restoration Council,2022,160799964.75,120815941.10,39984023.65,0.330949,27
9,Armed Forces Retirement Home,2022,115831569.79,87390364.16,28441205.63,0.325450,28
67,Marine Mammal Commission,2022,3892159.32,2977694.74,914464.58,0.307104,29
64,James Madison Memorial Fellowship Foundation,2022,2937477.63,2370708.54,566769.09,0.239071,30
38,Department of the Interior,2022,37607979087.31,30724549129.13,6883429958.18,0.224036,31
76,National Endowment for the Arts,2022,261051350.58,221156393.99,39894956.59,0.180392,32
26,Department of Commerce,2022,21690366412.92,18409239008.62,3281127404.30,0.178232,33
108,United States Chemical Safety Board,2022,13398973.82,11375091.80,2023882.02,0.177922,34
99,Selective Service System,2022,32080223.96,27884824.20,4195399.76,0.150454,35
82,Northern Border Regional Commission,2022,20831111.64,18420704.00,2410407.64,0.130853,36
17,Consumer Product Safety Commission,2022,161242749.44,142993123.45,18249625.99,0.127625,37
33,Department of Justice,2022,49684118644.77,44310527077.80,5373591566.97,0.121271,38
19,Corps of Engineers - Civil Works,2022,27393004702.86,24480689354.40,2912315348.46,0.118963,39
46,Farm Credit System Insurance Corporation,2022,5027666.75,4499350.33,528316.42,0.117420,40
4,Advisory Council on Historic Preservation,2022,10013525.28,9032288.94,981236.34,0.108636,41
109,United States Court of Appeals for Veterans Claims,2022,44390890.21,40055473.82,4335416.39,0.108235,42
95,Privacy and Civil Liberties Oversight Board,2022,11316274.67,10232199.67,1084075.00,0.105947,43
37,Department of Veterans Affairs,2022,283486478580.60,256898873597.48,26587604983.12,0.103494,44
25,Department of Agriculture,2022,286908446288.40,260036840187.43,26871606100.97,0.103337,45
72,National Archives and Records Administration,2022,652875901.08,594516970.55,58358930.53,0.098161,46
29,Department of Energy,2022,58269151692.00,53181045675.68,5088106016.32,0.095675,47
89,Office of Special Counsel,2022,32356175.71,29533682.87,2822492.84,0.095568,48
101,Social Security Administration,2022,1364987764104.88,1248653319331.43,116334444773.45,0.093167,49
52,Federal Maritime Commission,2022,32899803.27,30247419.17,2652384.10,0.087689,50
68,Merit Systems Protection Board,2022,50230932.31,46818542.74,3412389.57,0.072885,51
91,Patient-Centered Outcomes Research Trust Fund,2022,946890900.67,883448457.74,63442442.93,0.071812,52
21,Court Services and Offender Supervision Agency,2022,260953225.42,244452661.53,16500563.89,0.067500,53
43,Equal Employment Opportunity Commission,2022,433301702.20,408365848.71,24935853.49,0.061062,54
57,General Services Administration,2022,36042223039.07,34024674349.58,2017548689.49,0.059296,55
75,National Credit Union Administration,2022,2210943.50,2088207.33,122736.17,0.058775,56
80,National Science Foundation,2022,9523708321.45,9018208184.77,505500136.68,0.056053,57
2,Access Board,2022,9428249.10,8932331.75,495917.35,0.055519,58
56,Federal Trade Commission,2022,370345949.68,351526386.53,18819563.15,0.053536,59
58,Government Accountability Office,2022,760352066.33,722220775.57,38131290.76,0.052797,60
71,National Aeronautics and Space Administration,2022,26555359474.73,25239918110.98,1315441363.75,0.052117,61
22,Defense Nuclear Facilities Safety Board,2022,38575519.93,36721554.54,1853965.39,0.050487,62
104,Surface Transportation Board,2022,39004967.66,37286404.28,1718563.38,0.046090,63
35,Department of State,2022,52914166204.50,50699901063.20,2214265141.30,0.043673,64
44,Executive Office of the President,2022,972721157.12,932834014.13,39887142.99,0.042759,65
105,U.S. Agency for Global Media,2022,874436298.12,838791126.55,35645171.57,0.042495,66
30,Department of Health and Human Services,2022,2452969781323.39,2355524286884.46,97445494438.93,0.041368,67
16,Consumer Financial Protection Bureau,2022,727251054.18,699617210.12,27633844.06,0.039498,68
27,Department of Defense,2022,1189944864054.66,1146962263260.70,42982600793.96,0.037475,69
63,International Trade Commission,2022,108600253.01,104693496.63,3906756.38,0.037316,70
110,United States Trade and Development Agency,2022,91911901.24,88639923.64,3271977.60,0.036913,71
88,Office of Personnel Management,2022,229562706715.02,221600779353.15,7961927361.87,0.035929,72
79,National Mediation Board,2022,14844762.35,14334369.91,510392.44,0.035606,73
40,District of Columbia Courts,2022,309891140.72,301099847.48,8791293.24,0.029197,74
81,National Transportation Safety Board,2022,120960489.68,117854299.44,3106190.24,0.026356,75
73,National Capital Planning Commission,2022,8554970.17,8351628.80,203341.37,0.024347,76
53,Federal Mediation and Conciliation Service,2022,49457817.44,48502747.22,955070.22,0.019691,77
51,Federal Labor Relations Authority,2022,27888159.29,27621040.16,267119.13,0.009670,78
83,Nuclear Regulatory Commission,2022,890682281.17,883053371.95,7628909.22,0.008639,79
85,Occupational Safety and Health Review Commission,2022,13400933.90,13287862.98,113070.92,0.008509,80
78,National Labor Relations Board,2022,275154469.87,274420560.96,733908.91,0.002674,81
86,Office of Government Ethics,2022,19160654.67,19187572.62,-26917.95,-0.001402,82
12,Commission of Fine Arts,2022,8130067.85,8191744.33,-61676.48,-0.007529,83
62,Inter-American Foundation,2022,44798793.00,46154158.78,-1355365.78,-0.029366,84
31,Department of Homeland Security,2022,133188239439.91,142035912465.86,-8847673025.95,-0.062291,85
97,Railroad Retirement Board,2022,16969500651.90,18155009918.82,-1185509266.92,-0.065299,86
55,Federal Permitting Improvement Steering Council,2022,7675091.07,8239717.60,-564626.53,-0.068524,87
77,National Endowment for the Humanities,2022,233112784.02,251345592.04,-18232808.02,-0.072540,88
54,Federal Mine Safety and Health Review Commission,2022,15810391.25,17095613.77,-1285222.52,-0.075178,89
48,Federal Deposit Insurance Corporation,2022,1865204486.52,2027962913.10,-162758426.58,-0.080257,90
7,American Battle Monuments Commission,2022,93215758.42,105002942.40,-11787183.98,-0.112255,91
49,Federal Election Commission,2022,74592401.94,89365527.82,-14773125.88,-0.165311,92
98,Securities and Exchange Commission,2022,2323030337.91,2825637093.26,-502606755.35,-0.177873,93
94,Presidio Trust,2022,171784145.29,209683394.61,-37899249.32,-0.180745,94
5,African Development Foundation,2022,32264933.39,45529418.22,-13264484.83,-0.291338,95
39,Department of the Treasury,2022,1451623206993.42,2188984081298.11,-737360874304.69,-0.336850,96
32,Department of Housing and Urban Development,2022,67821356273.56,104346638883.86,-36525282610.30,-0.350037,97
61,Institute of Museum and Library Services,2022,291387350.63,451772297.29,-160384946.66,-0.355012,98
45,Export-Import Bank of the United States,2022,441247396.26,858745789.98,-417498393.72,-0.486172,99
69,Millennium Challenge Corporation,2022,433999166.20,1097307444.54,-663308278.34,-0.604487,100
96,Public Buildings Reform Board,2022,1072716.09,2886971.85,-1814255.76,-0.628428,101
92,Peace Corps,2022,445249161.87,1288696565.20,-843447403.33,-0.654496,102
100,Small Business Administration,2022,35455067058.76,348440144632.46,-312985077573.70,-0.898246,103
34,Department of Labor,2022,65773609001.20,648613298350.79,-582839689349.59,-0.898593,104
87,Office of Navajo and Hopi Indian Relocation,2022,0.00,0.00,0.00,NULL,105
90,Overseas Private Investment Corporation,2022,0.00,0.00,0.00,NULL,105
48,Federal Deposit Insurance Corporation,2023,144949378868.08,1865204486.52,143084174381.56,76.712325,1
70,Morris K. Udall and Stewart L. Udall Foundation,2023,12218390.90,3017386.48,9201004.42,3.049329,2
93,Pension Benefit Guaranty Corporation,2023,52988712993.56,14739682100.21,38249030893.35,2.594969,3
82,Northern Border Regional Commission,2023,71347094.16,20831111.64,50515982.52,2.425025,4
55,Federal Permitting Improvement Steering Council,2023,24116460.39,7675091.07,16441369.32,2.142172,5
75,National Credit Union Administration,2023,4936854.11,2210943.50,2725910.61,1.232917,6
69,Millennium Challenge Corporation,2023,839474640.15,433999166.20,405475473.95,0.934277,7
5,African Development Foundation,2023,58255240.26,32264933.39,25990306.87,0.805527,8
96,Public Buildings Reform Board,2023,1873060.80,1072716.09,800344.71,0.746091,9
59,Gulf Coast Ecosystem Restoration Council,2023,260784024.13,160799964.75,99984059.38,0.621791,10
9,Armed Forces Retirement Home,2023,172396322.63,115831569.79,56564752.84,0.488336,11
8,Appalachian Regional Commission,2023,318627431.99,217878712.00,100748719.99,0.462407,12
24,Denali Commission,2023,57458588.20,42928816.68,14529771.52,0.338461,13
14,Committee for Purchase from People Who Are Blind or Severely Disabled,2023,14328602.33,10838207.96,3490394.37,0.322045,14
32,Department of Housing and Urban Development,2023,84501344517.92,67821356273.56,16679988244.36,0.245940,15
65,Japan-United States Friendship Commission,2023,2526805.09,2031729.66,495075.43,0.243671,16
98,Securities and Exchange Commission,2023,2882792771.13,2323030337.91,559762433.22,0.240962,17
29,Department of Energy,2023,71587391243.03,58269151692.00,13318239551.03,0.228564,18
11,Commission for the Preservation of America's Heritage Abroad,2023,832020.57,686045.88,145974.69,0.212776,19
42,Environmental Protection Agency,2023,23652538067.59,19513329825.30,4139208242.29,0.212122,20
1,400 Years of African-American History Commission,2023,3149161.55,2614708.82,534452.73,0.204402,21
86,Office of Government Ethics,2023,22969686.32,19160654.67,3809031.65,0.198794,22
107,U.S. International Development Finance Corporation,2023,1732011037.10,1472115830.14,259895206.96,0.176545,23
52,Federal Maritime Commission,2023,38585900.53,32899803.27,5686097.26,0.172830,24
6,Agency for International Development,2023,38178688874.98,32760502077.38,5418186797.60,0.165387,25
72,National Archives and Records Administration,2023,757424621.52,652875901.08,104548720.44,0.160135,26
62,Inter-American Foundation,2023,51834618.24,44798793.00,7035825.24,0.157053,27
56,Federal Trade Commission,2023,427448856.43,370345949.68,57102906.75,0.154188,28
38,Department of the Interior,2023,43363738981.79,37607979087.31,5755759894.48,0.153046,29
16,Consumer Financial Protection Bureau,2023,836937071.26,727251054.18,109686017.08,0.150822,30
37,Department of Veterans Affairs,2023,324410305628.40,283486478580.60,40923827047.80,0.144359,31
39,Department of the Treasury,2023,1644766940269.75,1451623206993.42,193143733276.33,0.133053,32
19,Corps of Engineers - Civil Works,2023,30957929640.42,27393004702.86,3564924937.56,0.130139,33
60,Harry S Truman Scholarship Foundation,2023,5504084.40,4873952.94,630131.46,0.129285,34
23,Delta Regional Authority,2023,73402396.07,65030224.00,8372172.07,0.128742,35
57,General Services Administration,2023,40452659305.84,36042223039.07,4410436266.77,0.122368,36
33,Department of Justice,2023,55576215204.85,49684118644.77,5892096560.08,0.118591,37
27,Department of Defense,2023,1330544104855.49,1189944864054.66,140599240800.83,0.118156,38
53,Federal Mediation and Conciliation Service,2023,55185450.80,49457817.44,5727633.36,0.115808,39
99,Selective Service System,2023,35739009.63,32080223.96,3658785.67,0.114051,40
7,American Battle Monuments Commission,2023,102972156.08,93215758.42,9756397.66,0.104664,41
58,Government Accountability Office,2023,839611011.42,760352066.33,79258945.09,0.104239,42
101,Social Security Administration,2023,1506843076037.29,1364987764104.88,141855311932.41,0.103924,43
49,Federal Election Commission,2023,81858499.22,74592401.94,7266097.28,0.097410,44
51,Federal Labor Relations Authority,2023,30556573.84,27888159.29,2668414.55,0.095682,45
67,Marine Mammal Commission,2023,4249629.61,3892159.32,357470.29,0.091843,46
78,National Labor Relations Board,2023,299428799.35,275154469.87,24274329.48,0.088220,47
44,Executive Office of the President,2023,1056279811.81,972721157.12,83558654.69,0.085901,48
85,Occupational Safety and Health Review Commission,2023,14536804.08,13400933.90,1135870.18,0.084760,49
108,United States Chemical Safety Board,2023,14452038.30,13398973.82,1053064.48,0.078592,50
17,Consumer Product Safety Commission,2023,173445056.13,161242749.44,12202306.69,0.075676,51
84,Nuclear Waste Technical Review Board,2023,3845555.93,3578002.35,267553.58,0.074777,52
94,Presidio Trust,2023,183812047.29,171784145.29,12027902.00,0.070017,53
4,Advisory Council on Historic Preservation,2023,10714100.94,10013525.28,700575.66,0.069962,54
109,United States Court of Appeals for Veterans Claims,2023,47295375.83,44390890.21,2904485.62,0.065429,55
71,National Aeronautics and Space Administration,2023,28276054721.70,26555359474.73,1720695246.97,0.064796,56
81,National Transportation Safety Board,2023,128713316.47,120960489.68,7752826.79,0.064093,57
91,Patient-Centered Outcomes Research Trust Fund,2023,1006720026.18,946890900.67,59829125.51,0.063184,58
83,Nuclear Regulatory Commission,2023,946775650.07,890682281.17,56093368.90,0.062977,59
92,Peace Corps,2023,472399171.32,445249161.87,27150009.45,0.060977,60
63,International Trade Commission,2023,115149080.25,108600253.01,6548827.24,0.060302,61
43,Equal Employment Opportunity Commission,2023,459113664.74,433301702.20,25811962.54,0.059570,62
104,Surface Transportation Board,2023,41149455.91,39004967.66,2144488.25,0.054979,63
21,Court Services and Offender Supervision Agency,2023,274905483.89,260953225.42,13952258.47,0.053466,64
73,National Capital Planning Commission,2023,8909444.55,8554970.17,354474.38,0.041434,65
61,Institute of Museum and Library Services,2023,303190626.62,291387350.63,11803275.99,0.040507,66
22,Defense Nuclear Facilities Safety Board,2023,40134585.09,38575519.93,1559065.16,0.040415,67
68,Merit Systems Protection Board,2023,52206227.40,50230932.31,1975295.09,0.039324,68
13,Commission on Civil Rights,2023,13961527.74,13444879.39,516648.35,0.038427,69
80,National Science Foundation,2023,9861960523.64,9523708321.45,338252202.19,0.035516,70
105,U.S. Agency for Global Media,2023,905419825.23,874436298.12,30983527.11,0.035432,71
25,Department of Agriculture,2023,296599267877.18,286908446288.40,9690821588.78,0.033776,72
54,Federal Mine Safety and Health Review Commission,2023,16199027.14,15810391.25,388635.89,0.024581,73
26,Department of Commerce,2023,22132409140.55,21690366412.92,442042727.63,0.020379,74
88,Office of Personnel Management,2023,234222972505.51,229562706715.02,4660265790.49,0.020300,75
40,District of Columbia Courts,2023,315366026.12,309891140.72,5474885.40,0.017667,76
46,Farm Credit System Insurance Corporation,2023,5088439.15,5027666.75,60772.40,0.012087,77
50,Federal Financial Institutions Examination Council,2023,6303128.02,6244913.52,58214.50,0.009321,78
30,Department of Health and Human Services,2023,2475673980552.70,2452969781323.39,22704199229.31,0.009255,79
79,National Mediation Board,2023,14940633.10,14844762.35,95870.75,0.006458,80
31,Department of Homeland Security,2023,133715424269.44,133188239439.91,527184829.53,0.003958,81
97,Railroad Retirement Board,2023,17008964703.44,16969500651.90,39464051.54,0.002325,82
64,James Madison Memorial Fellowship Foundation,2023,2936359.26,2937477.63,-1118.37,-0.000380,83
89,Office of Special Counsel,2023,31953095.33,32356175.71,-403080.38,-0.012457,84
35,Department of State,2023,51730909372.99,52914166204.50,-1183256831.51,-0.022361,85
95,Privacy and Civil Liberties Oversight Board,2023,10999230.74,11316274.67,-317043.93,-0.028016,86
20,Council of the Inspectors General on Integrity and Efficiency,2023,46046561.38,47439902.15,-1393340.77,-0.029370,87
18,Corporation for National and Community Service,2023,2023554264.91,2092897732.61,-69343467.70,-0.033132,88
3,Administrative Conference of the U.S.,2023,3525694.57,3743559.84,-217865.27,-0.058197,89
2,Access Board,2023,8863660.56,9428249.10,-564588.54,-0.059882,90
77,National Endowment for the Humanities,2023,217355437.25,233112784.02,-15757346.77,-0.067595,91
100,Small Business Administration,2023,32264243028.23,35455067058.76,-3190824030.53,-0.089996,92
34,Department of Labor,2023,58389543480.57,65773609001.20,-7384065520.63,-0.112264,93
76,National Endowment for the Arts,2023,201739939.56,261051350.58,-59311411.02,-0.227202,94
10,Barry Goldwater Scholarship and Excellence In Education Foundation,2023,2442916.31,3257584.64,-814668.33,-0.250083,95
45,Export-Import Bank of the United States,2023,326267326.55,441247396.26,-114980069.71,-0.260579,96
41,Election Assistance Commission,2023,108862442.60,152042811.25,-43180368.65,-0.284001,97
15,Commodity Futures Trading Commission,2023,356004046.82,511348819.17,-155344772.35,-0.303794,98
47,Federal Communications Commission,2023,17181021504.10,24850873568.37,-7669852064.27,-0.308635,99
36,Department of Transportation,2023,139004427069.39,268942277594.34,-129937850524.95,-0.483144,100
28,Department of Education,2023,254914423992.33,614723723752.84,-359809299760.51,-0.585318,101
87,Office of Navajo and Hopi Indian Relocation,2023,6251243.39,0.00,6251243.39,NULL,102
90,Overseas Private Investment Corporation,2023,0.03,0.00,0.03,NULL,102
46,Farm Credit System Insurance Corporation,2024,128165652.50,5088439.15,123077213.35,24.187616,1
55,Federal Permitting Improvement Steering Council,2024,119063432.87,24116460.39,94946972.48,3.937019,2
42,Environmental Protection Agency,2024,54387821470.26,23652538067.59,30735283402.67,1.299449,3
26,Department of Commerce,2024,48359771966.17,22132409140.55,26227362825.62,1.185020,4
94,Presidio Trust,2024,401327323.56,183812047.29,217515276.27,1.183357,5
69,Millennium Challenge Corporation,2024,1770752030.74,839474640.15,931277390.59,1.109357,6
47,Federal Communications Commission,2024,32495294443.84,17181021504.10,15314272939.74,0.891348,7
24,Denali Commission,2024,107537623.53,57458588.20,50079035.33,0.871567,8
16,Consumer Financial Protection Bureau,2024,1478359909.66,836937071.26,641422838.40,0.766393,9
10,Barry Goldwater Scholarship and Excellence In Education Foundation,2024,3785397.35,2442916.31,1342481.04,0.549540,10
96,Public Buildings Reform Board,2024,2774477.80,1873060.80,901417.00,0.481253,11
110,United States Trade and Development Agency,2024,113342817.59,91911901.24,21430916.35,0.233168,12
84,Nuclear Waste Technical Review Board,2024,4737031.74,3845555.93,891475.81,0.231819,13
15,Commodity Futures Trading Commission,2024,429495668.68,356004046.82,73491621.86,0.206434,14
8,Appalachian Regional Commission,2024,382770815.71,318627431.99,64143383.72,0.201311,15
29,Department of Energy,2024,81727665979.08,71587391243.03,10140274736.05,0.141648,16
34,Department of Labor,2024,66293329420.52,58389543480.57,7903785939.95,0.135363,17
40,District of Columbia Courts,2024,357759443.13,315366026.12,42393417.01,0.134426,18
37,Department of Veterans Affairs,2024,367899875444.21,324410305628.40,43489569815.81,0.134057,19
100,Small Business Administration,2024,36577355477.46,32264243028.23,4313112449.23,0.133680,20
63,International Trade Commission,2024,129558112.91,115149080.25,14409032.66,0.125133,21
44,Executive Office of the President,2024,1179956473.79,1056279811.81,123676661.98,0.117087,22
35,Department of State,2024,57575147990.63,51730909372.99,5844238617.64,0.112973,23
81,National Transportation Safety Board,2024,143163262.16,128713316.47,14449945.69,0.112264,24
73,National Capital Planning Commission,2024,9899703.23,8909444.55,990258.68,0.111147,25
22,Defense Nuclear Facilities Safety Board,2024,44185130.86,40134585.09,4050545.77,0.100924,26
50,Federal Financial Institutions Examination Council,2024,6935254.24,6303128.02,632126.22,0.100287,27
19,Corps of Engineers - Civil Works,2024,34001004243.90,30957929640.42,3043074603.48,0.098297,28
36,Department of Transportation,2024,152430343361.42,139004427069.39,13425916292.03,0.096586,29
104,Surface Transportation Board,2024,45012408.62,41149455.91,3862952.71,0.093876,30
21,Court Services and Offender Supervision Agency,2024,299976494.60,274905483.89,25071010.71,0.091198,31
107,U.S. International Development Finance Corporation,2024,1885854909.05,1732011037.10,153843871.95,0.088823,32
57,General Services Administration,2024,43912595486.68,40452659305.84,3459936180.84,0.085530,33
70,Morris K. Udall and Stewart L. Udall Foundation,2024,13215053.95,12218390.90,996663.05,0.081570,34
39,Department of the Treasury,2024,1773034280269.05,1644766940269.75,128267339999.30,0.077985,35
91,Patient-Centered Outcomes Research Trust Fund,2024,1084914364.17,1006720026.18,78194337.99,0.077672,36
58,Government Accountability Office,2024,902447241.83,839611011.42,62836230.41,0.074839,37
54,Federal Mine Safety and Health Review Commission,2024,17406980.55,16199027.14,1207953.41,0.074569,38
101,Social Security Administration,2024,1607954869344.54,1506843076037.29,101111793307.25,0.067101,39
83,Nuclear Regulatory Commission,2024,1008549839.29,946775650.07,61774189.22,0.065246,40
56,Federal Trade Commission,2024,454013964.80,427448856.43,26565108.37,0.062148,41
95,Privacy and Civil Liberties Oversight Board,2024,11648086.29,10999230.74,648855.55,0.058990,42
31,Department of Homeland Security,2024,140625065483.12,133715424269.44,6909641213.68,0.051674,43
88,Office of Personnel Management,2024,246262927036.16,234222972505.51,12039954530.65,0.051403,44
27,Department of Defense,2024,1393415222232.11,1330544104855.49,62871117376.62,0.047252,45
32,Department of Housing and Urban Development,2024,88290176520.45,84501344517.92,3788832002.53,0.044837,46
72,National Archives and Records Administration,2024,791203304.57,757424621.52,33778683.05,0.044596,47
12,Commission of Fine Arts,2024,8418836.06,8130067.85,288768.21,0.035518,48
67,Marine Mammal Commission,2024,4385058.88,4249629.61,135429.27,0.031868,49
4,Advisory Council on Historic Preservation,2024,11053390.69,10714100.94,339289.75,0.031667,50
75,National Credit Union Administration,2024,5092568.84,4936854.11,155714.73,0.031541,51
76,National Endowment for the Arts,2024,207788143.93,201739939.56,6048204.37,0.029980,52
38,Department of the Interior,2024,44421920769.18,43363738981.79,1058181787.39,0.024402,53
52,Federal Maritime Commission,2024,39489665.83,38585900.53,903765.30,0.023422,54
3,Administrative Conference of the U.S.,2024,3605664.47,3525694.57,79969.90,0.022682,55
53,Federal Mediation and Conciliation Service,2024,56187993.41,55185450.80,1002542.61,0.018166,56
78,National Labor Relations Board,2024,304672224.49,299428799.35,5243425.14,0.017511,57
30,Department of Health and Human Services,2024,2518647728970.53,2475673980552.70,42973748417.83,0.017358,58
79,National Mediation Board,2024,15099493.34,14940633.10,158860.24,0.010632,59
51,Federal Labor Relations Authority,2024,30849329.36,30556573.84,292755.52,0.009580,60
49,Federal Election Commission,2024,82539929.30,81858499.22,681430.08,0.008324,61
92,Peace Corps,2024,476259483.12,472399171.32,3860311.80,0.008171,62
97,Railroad Retirement Board,2024,17102250079.47,17008964703.44,93285376.03,0.005484,63
43,Equal Employment Opportunity Commission,2024,461214151.54,459113664.74,2100486.80,0.004575,64
61,Institute of Museum and Library Services,2024,304306832.59,303190626.62,1116205.97,0.003681,65
68,Merit Systems Protection Board,2024,52280029.48,52206227.40,73802.08,0.001413,66
105,U.S. Agency for Global Media,2024,905944680.62,905419825.23,524855.39,0.000579,67
108,United States Chemical Safety Board,2024,14419511.79,14452038.30,-32526.51,-0.002250,68
89,Office of Special Counsel,2024,31714299.98,31953095.33,-238795.35,-0.007473,69
85,Occupational Safety and Health Review Commission,2024,14413120.20,14536804.08,-123683.88,-0.008508,70
80,National Science Foundation,2024,9746030086.42,9861960523.64,-115930437.22,-0.011755,71
2,Access Board,2024,8713121.61,8863660.56,-150538.95,-0.016983,72
109,United States Court of Appeals for Veterans Claims,2024,46234521.09,47295375.83,-1060854.74,-0.022430,73
5,African Development Foundation,2024,56890299.36,58255240.26,-1364940.90,-0.023430,74
77,National Endowment for the Humanities,2024,210590472.39,217355437.25,-6764964.86,-0.031123,75
60,Harry S Truman Scholarship Foundation,2024,5323775.77,5504084.40,-180308.63,-0.032759,76
17,Consumer Product Safety Commission,2024,167067920.21,173445056.13,-6377135.92,-0.036767,77
71,National Aeronautics and Space Administration,2024,27170027696.15,28276054721.70,-1106027025.55,-0.039115,78
13,Commission on Civil Rights,2024,13389279.92,13961527.74,-572247.82,-0.040987,79
59,Gulf Coast Ecosystem Restoration Council,2024,249755205.36,260784024.13,-11028818.77,-0.042291,80
1,400 Years of African-American History Commission,2024,3003806.05,3149161.55,-145355.50,-0.046156,81
7,American Battle Monuments Commission,2024,98138664.40,102972156.08,-4833491.68,-0.046939,82
11,Commission for the Preservation of America's Heritage Abroad,2024,786460.96,832020.57,-45559.61,-0.054757,83
65,Japan-United States Friendship Commission,2024,2377314.34,2526805.09,-149490.75,-0.059161,84
33,Department of Justice,2024,52006258903.46,55576215204.85,-3569956301.39,-0.064235,85
86,Office of Government Ethics,2024,21042540.03,22969686.32,-1927146.29,-0.083899,86
64,James Madison Memorial Fellowship Foundation,2024,2685729.28,2936359.26,-250629.98,-0.085353,87
28,Department of Education,2024,228967463538.80,254914423992.33,-25946960453.53,-0.101786,88
23,Delta Regional Authority,2024,65240582.54,73402396.07,-8161813.53,-0.111192,89
62,Inter-American Foundation,2024,45830410.48,51834618.24,-6004207.76,-0.115833,90
98,Securities and Exchange Commission,2024,2513273711.32,2882792771.13,-369519059.81,-0.128180,91
87,Office of Navajo and Hopi Indian Relocation,2024,5395160.39,6251243.39,-856083.00,-0.136946,92
14,Committee for Purchase from People Who Are Blind or Severely Disabled,2024,12276869.42,14328602.33,-2051732.91,-0.143191,93
25,Department of Agriculture,2024,253918299873.67,296599267877.18,-42680968003.51,-0.143901,94
20,Council of the Inspectors General on Integrity and Efficiency,2024,36180067.49,46046561.38,-9866493.89,-0.214272,95
41,Election Assistance Commission,2024,84179131.85,108862442.60,-24683310.75,-0.226738,96
18,Corporation for National and Community Service,2024,1558432116.09,2023554264.91,-465122148.82,-0.229854,97
82,Northern Border Regional Commission,2024,54295553.54,71347094.16,-17051540.62,-0.238994,98
45,Export-Import Bank of the United States,2024,243835967.13,326267326.55,-82431359.42,-0.252649,99
6,Agency for International Development,2024,25338242649.50,38178688874.98,-12840446225.48,-0.336324,100
9,Armed Forces Retirement Home,2024,98099078.08,172396322.63,-74297244.55,-0.430967,101
48,Federal Deposit Insurance Corporation,2024,71577874701.75,144949378868.08,-73371504166.33,-0.506187,102
93,Pension Benefit Guaranty Corporation,2024,21638784404.11,52988712993.56,-31349928589.45,-0.591634,103
90,Overseas Private Investment Corporation,2024,0.00,0.03,-0.03,-1.000000,104
24,Denali Commission,2025,220080708.68,107537623.53,112543085.15,1.046546,1
82,Northern Border Regional Commission,2025,96316585.88,54295553.54,42021032.34,0.773931,2
16,Consumer Financial Protection Bureau,2025,2582561302.33,1478359909.66,1104201392.67,0.746909,3
23,Delta Regional Authority,2025,108247981.20,65240582.54,43007398.66,0.659212,4
26,Department of Commerce,2025,71825784798.61,48359771966.17,23466012832.44,0.485238,5
9,Armed Forces Retirement Home,2025,142878765.40,98099078.08,44779687.32,0.456474,6
7,American Battle Monuments Commission,2025,126597477.59,98138664.40,28458813.19,0.289985,7
73,National Capital Planning Commission,2025,12378944.74,9899703.23,2479241.51,0.250435,8
31,Department of Homeland Security,2025,171203552614.18,140625065483.12,30578487131.06,0.217446,9
29,Department of Energy,2025,98524875710.33,81727665979.08,16797209731.25,0.205526,10
95,Privacy and Civil Liberties Oversight Board,2025,13778832.52,11648086.29,2130746.23,0.182926,11
60,Harry S Truman Scholarship Foundation,2025,6095709.81,5323775.77,771934.04,0.144997,12
2,Access Board,2025,9965498.76,8713121.61,1252377.15,0.143734,13
37,Department of Veterans Affairs,2025,412393503627.75,367899875444.21,44493628183.54,0.120939,14
36,Department of Transportation,2025,169614068976.54,152430343361.42,17183725615.12,0.112731,15
30,Department of Health and Human Services,2025,2794349803088.60,2518647728970.53,275702074118.07,0.109464,16
65,Japan-United States Friendship Commission,2025,2623117.77,2377314.34,245803.43,0.103395,17
39,Department of the Treasury,2025,1953689394142.66,1773034280269.05,180655113873.61,0.101890,18
91,Patient-Centered Outcomes Research Trust Fund,2025,1185134896.83,1084914364.17,100220532.66,0.092376,19
25,Department of Agriculture,2025,276630012349.95,253918299873.67,22711712476.28,0.089444,20
101,Social Security Administration,2025,1740398104292.52,1607954869344.54,132443234947.98,0.082367,21
81,National Transportation Safety Board,2025,154274105.53,143163262.16,11110843.37,0.077609,22
45,Export-Import Bank of the United States,2025,261239723.31,243835967.13,17403756.18,0.071374,23
14,Committee for Purchase from People Who Are Blind or Severely Disabled,2025,13114121.25,12276869.42,837251.83,0.068197,24
34,Department of Labor,2025,70577614918.43,66293329420.52,4284285497.91,0.064626,25
88,Office of Personnel Management,2025,262040905041.82,246262927036.16,15777978005.66,0.064069,26
71,National Aeronautics and Space Administration,2025,28773421746.59,27170027696.15,1603394050.44,0.059013,27
104,Surface Transportation Board,2025,47582198.94,45012408.62,2569790.32,0.057090,28
13,Commission on Civil Rights,2025,14140597.15,13389279.92,751317.23,0.056113,29
12,Commission of Fine Arts,2025,8832245.33,8418836.06,413409.27,0.049105,30
58,Government Accountability Office,2025,943770259.66,902447241.83,41323017.83,0.045789,31
18,Corporation for National and Community Service,2025,1628697960.11,1558432116.09,70265844.02,0.045087,32
27,Department of Defense,2025,1451320548889.53,1393415222232.11,57905326657.42,0.041556,33
10,Barry Goldwater Scholarship and Excellence In Education Foundation,2025,3941865.44,3785397.35,156468.09,0.041334,34
19,Corps of Engineers - Civil Works,2025,35302736346.35,34001004243.90,1301732102.45,0.038285,35
86,Office of Government Ethics,2025,21801177.92,21042540.03,758637.89,0.036052,36
32,Department of Housing and Urban Development,2025,90532059832.78,88290176520.45,2241883312.33,0.025392,37
4,Advisory Council on Historic Preservation,2025,11327181.61,11053390.69,273790.92,0.024769,38
97,Railroad Retirement Board,2025,17522536724.90,17102250079.47,420286645.43,0.024574,39
80,National Science Foundation,2025,9885079238.42,9746030086.42,139049152.00,0.014267,40
40,District of Columbia Courts,2025,362748446.19,357759443.13,4989003.06,0.013945,41
49,Federal Election Commission,2025,83334387.34,82539929.30,794458.04,0.009625,42
54,Federal Mine Safety and Health Review Commission,2025,17548515.24,17406980.55,141534.69,0.008130,43
78,National Labor Relations Board,2025,306857241.42,304672224.49,2185016.93,0.007171,44
108,United States Chemical Safety Board,2025,14452094.07,14419511.79,32582.28,0.002259,45
63,International Trade Commission,2025,129667558.27,129558112.91,109445.36,0.000844,46
43,Equal Employment Opportunity Commission,2025,458978768.26,461214151.54,-2235383.28,-0.004846,47
52,Federal Maritime Commission,2025,39295602.34,39489665.83,-194063.49,-0.004914,48
89,Office of Special Counsel,2025,31510829.63,31714299.98,-203470.35,-0.006415,49
79,National Mediation Board,2025,14971320.47,15099493.34,-128172.87,-0.008488,50
64,James Madison Memorial Fellowship Foundation,2025,2640416.62,2685729.28,-45312.66,-0.016871,51
83,Nuclear Regulatory Commission,2025,988090435.96,1008549839.29,-20459403.33,-0.020285,52
109,United States Court of Appeals for Veterans Claims,2025,45241515.39,46234521.09,-993005.70,-0.021477,53
85,Occupational Safety and Health Review Commission,2025,14074434.17,14413120.20,-338686.03,-0.023498,54
68,Merit Systems Protection Board,2025,51024006.35,52280029.48,-1256023.13,-0.024024,55
33,Department of Justice,2025,50454183477.60,52006258903.46,-1552075425.86,-0.029844,56
3,Administrative Conference of the U.S.,2025,3495248.89,3605664.47,-110415.58,-0.030622,57
61,Institute of Museum and Library Services,2025,294970942.46,304306832.59,-9335890.13,-0.030679,58
38,Department of the Interior,2025,42848868679.89,44421920769.18,-1573052089.29,-0.035411,59
22,Defense Nuclear Facilities Safety Board,2025,42587519.71,44185130.86,-1597611.15,-0.036157,60
92,Peace Corps,2025,456879972.55,476259483.12,-19379510.57,-0.040691,61
51,Federal Labor Relations Authority,2025,29478562.36,30849329.36,-1370767.00,-0.044434,62
57,General Services Administration,2025,41896513755.49,43912595486.68,-2016081731.19,-0.045911,63
72,National Archives and Records Administration,2025,747214997.43,791203304.57,-43988307.14,-0.055596,64
56,Federal Trade Commission,2025,427973866.72,454013964.80,-26040098.08,-0.057355,65
21,Court Services and Offender Supervision Agency,2025,281968178.49,299976494.60,-18008316.11,-0.060032,66
44,Executive Office of the President,2025,1083639268.25,1179956473.79,-96317205.54,-0.081627,67
67,Marine Mammal Commission,2025,3999099.80,4385058.88,-385959.08,-0.088016,68
17,Consumer Product Safety Commission,2025,152039604.66,167067920.21,-15028315.55,-0.089953,69
98,Securities and Exchange Commission,2025,2279809318.74,2513273711.32,-233464392.58,-0.092892,70
20,Council of the Inspectors General on Integrity and Efficiency,2025,32574004.30,36180067.49,-3606063.19,-0.099669,71
87,Office of Navajo and Hopi Indian Relocation,2025,4797733.71,5395160.39,-597426.68,-0.110733,72
53,Federal Mediation and Conciliation Service,2025,49159149.34,56187993.41,-7028844.07,-0.125095,73
70,Morris K. Udall and Stewart L. Udall Foundation,2025,11466700.50,13215053.95,-1748353.45,-0.132300,74
15,Commodity Futures Trading Commission,2025,365969179.87,429495668.68,-63526488.81,-0.147909,75
76,National Endowment for the Arts,2025,176960854.01,207788143.93,-30827289.92,-0.148359,76
105,U.S. Agency for Global Media,2025,762743620.21,905944680.62,-143201060.41,-0.158068,77
84,Nuclear Waste Technical Review Board,2025,3906469.41,4737031.74,-830562.33,-0.175333,78
59,Gulf Coast Ecosystem Restoration Council,2025,196956121.36,249755205.36,-52799084.00,-0.211403,79
28,Department of Education,2025,179690157931.34,228967463538.80,-49277305607.46,-0.215215,80
35,Department of State,2025,44468610026.04,57575147990.63,-13106537964.59,-0.227642,81
96,Public Buildings Reform Board,2025,2014046.92,2774477.80,-760430.88,-0.274080,82
55,Federal Permitting Improvement Steering Council,2025,82234873.62,119063432.87,-36828559.25,-0.309318,83
46,Farm Credit System Insurance Corporation,2025,82011373.51,128165652.50,-46154278.99,-0.360114,84
42,Environmental Protection Agency,2025,34262577412.72,54387821470.26,-20125244057.54,-0.370032,85
6,Agency for International Development,2025,15844167462.19,25338242649.50,-9494075187.31,-0.374693,86
93,Pension Benefit Guaranty Corporation,2025,13294541941.73,21638784404.11,-8344242462.38,-0.385615,87
107,U.S. International Development Finance Corporation,2025,1105779615.45,1885854909.05,-780075293.60,-0.413645,88
110,United States Trade and Development Agency,2025,59690323.13,113342817.59,-53652494.46,-0.473364,89
77,National Endowment for the Humanities,2025,109789564.89,210590472.39,-100800907.50,-0.478658,90
94,Presidio Trust,2025,207710653.33,401327323.56,-193616670.23,-0.482440,91
41,Election Assistance Commission,2025,42380998.93,84179131.85,-41798132.92,-0.496537,92
62,Inter-American Foundation,2025,18140283.73,45830410.48,-27690126.75,-0.604186,93
75,National Credit Union Administration,2025,1956489.28,5092568.84,-3136079.56,-0.615814,94
47,Federal Communications Commission,2025,11707138116.59,32495294443.84,-20788156327.25,-0.639728,95
5,African Development Foundation,2025,20290440.92,56890299.36,-36599858.44,-0.643340,96
100,Small Business Administration,2025,12534817541.37,36577355477.46,-24042537936.09,-0.657306,97
69,Millennium Challenge Corporation,2025,487931638.23,1770752030.74,-1282820392.51,-0.724449,98
48,Federal Deposit Insurance Corporation,2025,5110573076.79,71577874701.75,-66467301624.96,-0.928601,99
8,Appalachian Regional Commission,2025,9215690.61,382770815.71,-373555125.10,-0.975923,100
90,Overseas Private Investment Corporation,2025,0.00,0.00,0.00,NULL,101
102,Southeast Crescent Regional Commission,2025,4683253.12,NULL,NULL,NULL,101
103,Southwest Border Regional Commission,2025,11997122.08,NULL,NULL,NULL,101
